[Licensing::Module] Trying to connect to existing licensing client channel...
[Licensing::IpcConnector] Successfully connected to: "LicenseClient-oliwo" at "2026-03-22T19:40:11.3234706Z"
Built from '6000.3/staging' branch; Version is '6000.3.11f1 (3000ef702840) revision 3145967'; Using compiler version '194234433'; Build Type 'Release'
OS: 'Windows 11  (10.0.26200) Core' Language: 'en' Physical Memory: 16046 MB
BatchMode: 1, IsHumanControllingUs: 0, StartBugReporterOnCrash: 0, Is64bit: 1
System  architecture: x64
Process architecture: x64
Date: 2026-03-22T19:40:11Z

COMMAND LINE ARGUMENTS:
C:\Program Files\Unity\Hub\Editor\6000.3.11f1\Editor\Unity.exe
-adb2
-batchMode
-noUpm
-name
AssetImportWorker2
-projectPath
C:/Users/oliwo/OneDrive/Documents/GitHub/UnnamedSpaceGame/ProjectFile
-logFile
Logs/AssetImportWorker2.log
-srvPort
60739
-licensingIpc
LicenseClient-oliwo
-job-worker-count
5
-background-job-worker-count
8
-gc-helper-count
1
-name
AssetImport
Successfully changed project path to: C:/Users/oliwo/OneDrive/Documents/GitHub/UnnamedSpaceGame/ProjectFile
C:/Users/oliwo/OneDrive/Documents/GitHub/UnnamedSpaceGame/ProjectFile
[UnityMemory] Configuration Parameters - Can be set up in boot.config
    "memorysetup-temp-allocator-size-nav-mesh-worker=65536"
    "memorysetup-temp-allocator-size-audio-worker=65536"
    "memorysetup-temp-allocator-size-gfx=262144"
    "memorysetup-allocator-temp-initial-block-size-main=262144"
    "memorysetup-allocator-temp-initial-block-size-worker=262144"
    "memorysetup-temp-allocator-size-background-worker=32768"
    "memorysetup-temp-allocator-size-job-worker=262144"
    "memorysetup-temp-allocator-size-preload-manager=33554432"
    "memorysetup-temp-allocator-size-gi-baking-worker=262144"
    "memorysetup-temp-allocator-size-gi-baking-worker=262144"
    "memorysetup-temp-allocator-size-gi-baking-worker=262144"
    "memorysetup-temp-allocator-size-gi-baking-worker=262144"
    "memorysetup-temp-allocator-size-gi-baking-worker=262144"
    "memorysetup-bucket-allocator-granularity=16"
    "memorysetup-bucket-allocator-bucket-count=8"
    "memorysetup-bucket-allocator-block-size=33554432"
    "memorysetup-bucket-allocator-block-count=8"
    "memorysetup-main-allocator-block-size=16777216"
    "memorysetup-thread-allocator-block-size=16777216"
    "memorysetup-gfx-main-allocator-block-size=16777216"
    "memorysetup-gfx-thread-allocator-block-size=16777216"
    "memorysetup-cache-allocator-block-size=4194304"
    "memorysetup-typetree-allocator-block-size=2097152"
    "memorysetup-profiler-bucket-allocator-granularity=16"
    "memorysetup-profiler-bucket-allocator-bucket-count=8"
    "memorysetup-profiler-bucket-allocator-block-size=33554432"
    "memorysetup-profiler-bucket-allocator-block-count=8"
    "memorysetup-profiler-allocator-block-size=16777216"
    "memorysetup-profiler-editor-allocator-block-size=1048576"
    "memorysetup-temp-allocator-size-main=16777216"
    "memorysetup-job-temp-allocator-block-size=2097152"
    "memorysetup-job-temp-allocator-block-size-background=1048576"
    "memorysetup-job-temp-allocator-reduction-small-platforms=262144"
    "memorysetup-temp-allocator-size-cloud-worker=32768"
Player connection [10448]  Target information:

Player connection [10448]  * "[IP] 192.168.0.132 [Port] 0 [Flags] 2 [Guid] 3482894635 [EditorId] 3482894635 [Version] 1048832 [Id] WindowsEditor(7,OliLaptop) [Debug] 1 [PackageName] WindowsEditor [ProjectName] Editor" 

Player connection [10448] Host joined multi-casting on [225.0.0.222:54997]...
Player connection [10448] Host joined alternative multi-casting on [225.0.0.222:34997]...
JobSystem: Creating JobQueue using job-worker-count value 5
Input System module state changed to: Initialized.
[Physics::Module] Initialized fallback backend.
[Physics::Module] Id: 0xdecafbad
Library Redirect Path: Library/
[Physics::Module] Selected backend.
[Physics::Module] Name: PhysX
[Physics::Module] Id: 0xf2b8ea05
[Physics::Module] SDK Version: 4.1.2
[Physics::Module] Integration Version: 1.0.0
[Physics::Module] Threading Mode: Multi-Threaded
Refreshing native plugins compatible for Editor in 6.11 ms, found 3 plugins.
Preloading 0 native plugins for Editor in 0.00 ms.
Initialize engine version: 6000.3.11f1 (3000ef702840)
[Subsystems] Discovering subsystems at path C:/Program Files/Unity/Hub/Editor/6000.3.11f1/Editor/Data/Resources/UnitySubsystems
[Subsystems] Discovering subsystems at path C:/Users/oliwo/OneDrive/Documents/GitHub/UnnamedSpaceGame/ProjectFile/Assets
GfxDevice: creating device client; kGfxThreadingModeNonThreaded
Direct3D:
    Version:  Direct3D 11.0 [level 11.1]
    Renderer: Intel(R) Graphics (ID=0xa7ac)
    Vendor:   Intel
    VRAM:     8023 MB
    Driver:   32.0.101.5768
Initialize mono
Mono path[0] = 'C:/Program Files/Unity/Hub/Editor/6000.3.11f1/Editor/Data/Managed'
Mono path[1] = 'C:/Program Files/Unity/Hub/Editor/6000.3.11f1/Editor/Data/MonoBleedingEdge/lib/mono/unityjit-win32'
Mono config path = 'C:/Program Files/Unity/Hub/Editor/6000.3.11f1/Editor/Data/MonoBleedingEdge/etc'
Using monoOptions --debugger-agent=transport=dt_socket,embedding=1,server=y,suspend=n,address=127.0.0.1:56776
Begin MonoManager ReloadAssembly
Registering precompiled unity dll's ...
Register platform support module: C:/Program Files/Unity/Hub/Editor/6000.3.11f1/Editor/Data/PlaybackEngines/WindowsStandaloneSupport/UnityEditor.WindowsStandalone.Extensions.dll
Registered in 0.003259 seconds.
- Loaded All Assemblies, in  1.181 seconds
Native extension for WindowsStandalone target not found
[Licensing::Client] Error: HandshakeResponse reported an error:
	ResponseCode: 505
	ResponseStatus: Unsupported protocol version '1.18.0'.
[Licensing::Module] Error: Failed to handshake to channel: "LicenseClient-oliwo"
[Licensing::IpcConnector] LicenseClient-oliwo channel disconnected successfully.
[Licensing::IpcConnector] Successfully connected to: "LicenseClient-oliwo-6000.3.11" at "2026-03-22T19:40:13.9425313Z"
[Licensing::Client] Handshaking with LicensingClient:
  Version:                 1.18.0+23225a6
  Session Id:              651be109458d4c3c815f135c873fc6ff
  Correlation Id:          a0f6b4524ce51eb2172a93538962943b
  External correlation Id: 1948857613756670290
  Machine Id:              puA4uZmMrKOytnENOMZNXgdrbnc=
[Licensing::Module] Successfully connected to LicensingClient on channel: "LicenseClient-oliwo-6000.3.11" (connect: 0.00s, validation: 0.01s, handshake: 0.24s)
[Licensing::IpcConnector] Successfully connected to: "LicenseClient-oliwo-6000.3.11-notifications" at "2026-03-22T19:40:14.1837153Z"
[Licensing::Module] Licensing Background thread has ended after 2.86s
Package Manager log level set to [2]
[Package Manager] Failed to launch server process. Reason: Unity was launched with the -noUpm command-line argument
[Package Manager] Unable to send message (not connected to server process).
[Package Manager] Cannot connect to Unity Package Manager local server
ScheduleIndexationOnStartup MainProcess:False IndexOnStartup:True
Mono: successfully reloaded assembly
- Finished resetting the current domain, in  1.038 seconds
Domain Reload Profiling: 2215ms
	BeginReloadAssembly (405ms)
		ExecutionOrderSort (0ms)
		DisableScriptedObjects (0ms)
		BackupInstance (0ms)
		ReleaseScriptingObjects (0ms)
		CreateAndSetChildDomain (2ms)
	RebuildCommonClasses (117ms)
	RebuildNativeTypeToScriptingClass (41ms)
	initialDomainReloadingComplete (123ms)
	LoadAllAssembliesAndSetupDomain (489ms)
		LoadAssemblies (400ms)
		RebuildTransferFunctionScriptingTraits (0ms)
		AnalyzeDomain (479ms)
			TypeCache.Refresh (475ms)
				TypeCache.ScanAssembly (437ms)
			BuildScriptInfoCaches (0ms)
			ResolveRequiredComponents (1ms)
	FinalizeReload (1038ms)
		ReleaseScriptCaches (0ms)
		RebuildScriptCaches (0ms)
		SetupLoadedEditorAssemblies (933ms)
			LogAssemblyErrors (0ms)
			InitializePlatformSupportModulesInManaged (135ms)
			SetLoadedEditorAssemblies (10ms)
			BeforeProcessingInitializeOnLoad (238ms)
			ProcessInitializeOnLoadAttributes (368ms)
			ProcessInitializeOnLoadMethodAttributes (182ms)
			AfterProcessingInitializeOnLoad (0ms)
			EditorAssembliesLoaded (0ms)
		ExecutionOrderSort2 (0ms)
		AwakeInstancesAfterBackupRestoration (0ms)
========================================================================
Worker process is ready to serve import requests
Import Worker Mode flag is 0x00
Begin MonoManager ReloadAssembly
[Licensing::Client] Successfully resolved entitlement details
[Licensing::Module] License group:
  Id: 5773633941524-UnityPersXXXX
  Product: Unity Personal
  Type: Assigned
  Expiration: Unlimited
- Loaded All Assemblies, in  1.544 seconds
Refreshing native plugins compatible for Editor in 2.47 ms, found 3 plugins.
Native extension for WindowsStandalone target not found
[Package Manager] Failed to launch server process. Reason: Unity was launched with the -noUpm command-line argument
[Package Manager] Unable to send message (not connected to server process).
[Package Manager] Cannot connect to Unity Package Manager local server
[Package Manager] Failed to launch server process. Reason: Unity was launched with the -noUpm command-line argument
[Package Manager] Unable to send message (not connected to server process).
[Package Manager] Cannot connect to Unity Package Manager local server
ScheduleIndexationOnStartup MainProcess:False IndexOnStartup:True
Mono: successfully reloaded assembly
- Finished resetting the current domain, in  1.606 seconds
Domain Reload Profiling: 3148ms
	BeginReloadAssembly (431ms)
		ExecutionOrderSort (0ms)
		DisableScriptedObjects (20ms)
		BackupInstance (0ms)
		ReleaseScriptingObjects (0ms)
		CreateAndSetChildDomain (55ms)
	RebuildCommonClasses (89ms)
	RebuildNativeTypeToScriptingClass (33ms)
	initialDomainReloadingComplete (77ms)
	LoadAllAssembliesAndSetupDomain (911ms)
		LoadAssemblies (741ms)
		RebuildTransferFunctionScriptingTraits (0ms)
		AnalyzeDomain (420ms)
			TypeCache.Refresh (307ms)
				TypeCache.ScanAssembly (284ms)
			BuildScriptInfoCaches (100ms)
			ResolveRequiredComponents (8ms)
	FinalizeReload (1607ms)
		ReleaseScriptCaches (0ms)
		RebuildScriptCaches (0ms)
		SetupLoadedEditorAssemblies (1346ms)
			LogAssemblyErrors (0ms)
			InitializePlatformSupportModulesInManaged (4ms)
			SetLoadedEditorAssemblies (7ms)
			BeforeProcessingInitializeOnLoad (258ms)
			ProcessInitializeOnLoadAttributes (935ms)
			ProcessInitializeOnLoadMethodAttributes (135ms)
			AfterProcessingInitializeOnLoad (7ms)
			EditorAssembliesLoaded (0ms)
		ExecutionOrderSort2 (0ms)
		AwakeInstancesAfterBackupRestoration (15ms)
Launched and connected shader compiler UnityShaderCompiler.exe after 0.08 seconds
Refreshing native plugins compatible for Editor in 2.59 ms, found 3 plugins.
Preloading 0 native plugins for Editor in 0.00 ms.
Unloading 0 Unused Serialized files (Serialized files now loaded: 0)
Unloading 3535 unused Assets / (0.8 MB). Loaded Objects now: 4149.
Memory consumption went from 102.0 MB to 101.2 MB.
Total: 15.509500 ms (FindLiveObjects: 0.680700 ms CreateObjectMapping: 0.203400 ms MarkObjects: 12.683300 ms  DeleteObjects: 1.939100 ms)

========================================================================
Received Import Request.
  Time since last request: 4770.165466 seconds.
  path: Assets/TextMesh Pro/Shaders/TMP_Bitmap-Custom-Atlas.shader
  artifactKey: Guid(48bb5f55d8670e349b6e614913f9d910) Importer(2089858483,b0f066a214c2f5e87bad3c948f4d605d)
Start importing Assets/TextMesh Pro/Shaders/TMP_Bitmap-Custom-Atlas.shader using Guid(48bb5f55d8670e349b6e614913f9d910) Importer(2089858483,b0f066a214c2f5e87bad3c948f4d605d) (ScriptedImporter) -> (artifact id: 'c5ab11b9e0defc86ab4b5ad9fe8e42f4') in 0.2205875 seconds
Number of updated asset objects reloaded before import = 0Number of asset objects unloaded after import = 1

========================================================================
Received Import Request.
  Time since last request: 0.000404 seconds.
  path: Assets/TextMesh Pro/Resources/LineBreaking Leading Characters.txt
  artifactKey: Guid(d82c1b31c7e74239bff1220585707d2b) Importer(2089858483,b0f066a214c2f5e87bad3c948f4d605d)
Start importing Assets/TextMesh Pro/Resources/LineBreaking Leading Characters.txt using Guid(d82c1b31c7e74239bff1220585707d2b) Importer(2089858483,b0f066a214c2f5e87bad3c948f4d605d) (ScriptedImporter) -> (artifact id: 'dc67b9505a199a61728591a97fb61faf') in 0.0588748 seconds
Number of updated asset objects reloaded before import = 0Number of asset objects unloaded after import = 1

========================================================================
Received Import Request.
  Time since last request: 0.001201 seconds.
  path: Assets/Plugins/Demigiant/DOTween/Editor/DOTweenEditor.dll
  artifactKey: Guid(45d5034162d6cf04dbe46da84fc7d074) Importer(2089858483,b0f066a214c2f5e87bad3c948f4d605d)
Start importing Assets/Plugins/Demigiant/DOTween/Editor/DOTweenEditor.dll using Guid(45d5034162d6cf04dbe46da84fc7d074) Importer(2089858483,b0f066a214c2f5e87bad3c948f4d605d) (ScriptedImporter) -> (artifact id: '959ec59045e32b3cdce5ffba666e54e0') in 0.1008121 seconds
Number of updated asset objects reloaded before import = 0Number of asset objects unloaded after import = 0

========================================================================
Received Import Request.
  Time since last request: 0.000570 seconds.
  path: Assets/IntroSequence.cs
  artifactKey: Guid(25042a3a5ccefb64a9af0b80ce18e622) Importer(2089858483,b0f066a214c2f5e87bad3c948f4d605d)
Start importing Assets/IntroSequence.cs using Guid(25042a3a5ccefb64a9af0b80ce18e622) Importer(2089858483,b0f066a214c2f5e87bad3c948f4d605d) (ScriptedImporter) -> (artifact id: 'f84673dca5a7813c62d491ceb80525a6') in 0.0607331 seconds
Number of updated asset objects reloaded before import = 0Number of asset objects unloaded after import = 0

========================================================================
Received Import Request.
  Time since last request: 0.000542 seconds.
  path: Assets/Plugins/Demigiant/DOTween/DOTween.dll.mdb
  artifactKey: Guid(4f007001a22b3d24dae350342c4d19c8) Importer(2089858483,b0f066a214c2f5e87bad3c948f4d605d)
Start importing Assets/Plugins/Demigiant/DOTween/DOTween.dll.mdb using Guid(4f007001a22b3d24dae350342c4d19c8) Importer(2089858483,b0f066a214c2f5e87bad3c948f4d605d) (ScriptedImporter) -> (artifact id: 'f89db532c6a7c79f7d0e29f83a352d43') in 0.044173 seconds
Number of updated asset objects reloaded before import = 0Number of asset objects unloaded after import = 1

========================================================================
Received Prepare
Begin MonoManager ReloadAssembly
- Loaded All Assemblies, in  1.353 seconds
Refreshing native plugins compatible for Editor in 1.28 ms, found 3 plugins.
Native extension for WindowsStandalone target not found
[Package Manager] Failed to launch server process. Reason: Unity was launched with the -noUpm command-line argument
[Package Manager] Unable to send message (not connected to server process).
[Package Manager] Cannot connect to Unity Package Manager local server
[Package Manager] Failed to launch server process. Reason: Unity was launched with the -noUpm command-line argument
[Package Manager] Unable to send message (not connected to server process).
[Package Manager] Cannot connect to Unity Package Manager local server
ScheduleIndexationOnStartup MainProcess:False IndexOnStartup:True
Mono: successfully reloaded assembly
- Finished resetting the current domain, in  1.791 seconds
Domain Reload Profiling: 3144ms
	BeginReloadAssembly (417ms)
		ExecutionOrderSort (0ms)
		DisableScriptedObjects (14ms)
		BackupInstance (0ms)
		ReleaseScriptingObjects (0ms)
		CreateAndSetChildDomain (92ms)
	RebuildCommonClasses (57ms)
	RebuildNativeTypeToScriptingClass (33ms)
	initialDomainReloadingComplete (55ms)
	LoadAllAssembliesAndSetupDomain (788ms)
		LoadAssemblies (675ms)
		RebuildTransferFunctionScriptingTraits (0ms)
		AnalyzeDomain (331ms)
			TypeCache.Refresh (12ms)
				TypeCache.ScanAssembly (0ms)
			BuildScriptInfoCaches (306ms)
			ResolveRequiredComponents (8ms)
	FinalizeReload (1794ms)
		ReleaseScriptCaches (0ms)
		RebuildScriptCaches (0ms)
		SetupLoadedEditorAssemblies (1471ms)
			LogAssemblyErrors (0ms)
			InitializePlatformSupportModulesInManaged (6ms)
			SetLoadedEditorAssemblies (6ms)
			BeforeProcessingInitializeOnLoad (250ms)
			ProcessInitializeOnLoadAttributes (1037ms)
			ProcessInitializeOnLoadMethodAttributes (149ms)
			AfterProcessingInitializeOnLoad (23ms)
			EditorAssembliesLoaded (1ms)
		ExecutionOrderSort2 (0ms)
		AwakeInstancesAfterBackupRestoration (27ms)
Refreshing native plugins compatible for Editor in 4.62 ms, found 3 plugins.
Preloading 0 native plugins for Editor in 0.00 ms.
Unloading 0 Unused Serialized files (Serialized files now loaded: 0)
Unloading 3533 unused Assets / (0.7 MB). Loaded Objects now: 4152.
Memory consumption went from 102.8 MB to 102.1 MB.
Total: 20.348900 ms (FindLiveObjects: 1.168000 ms CreateObjectMapping: 0.324000 ms MarkObjects: 16.818500 ms  DeleteObjects: 2.030000 ms)

Prepare: number of updated asset objects reloaded= 0
========================================================================
Received Import Request.
  Time since last request: 272.429571 seconds.
  path: Assets/Fork1-GM.fbx
  artifactKey: Guid(fd942374298bffc40a0b9d2f6abf4f6e) Importer(815301076,1909f56bfc062723c751e8b465ee728b)
Start importing Assets/Fork1-GM.fbx using Guid(fd942374298bffc40a0b9d2f6abf4f6e) Importer(815301076,1909f56bfc062723c751e8b465ee728b) (PreviewImporter) -> (artifact id: '03a1dc8c311114f5def330300321d78b') in 1.3342458 seconds
Number of updated asset objects reloaded before import = 0Number of asset objects unloaded after import = 9

========================================================================
Received Import Request.
  Time since last request: 0.000095 seconds.
  path: Assets/StangersTent1-GM.fbx
  artifactKey: Guid(6d5f01f6483286b4a8097a60bd4eb9d5) Importer(815301076,1909f56bfc062723c751e8b465ee728b)
Start importing Assets/StangersTent1-GM.fbx using Guid(6d5f01f6483286b4a8097a60bd4eb9d5) Importer(815301076,1909f56bfc062723c751e8b465ee728b) (PreviewImporter) -> (artifact id: '5ce21587051358b3e2964be780fa894d') in 0.1224108 seconds
Number of updated asset objects reloaded before import = 0Number of asset objects unloaded after import = 9

========================================================================
Received Import Request.
  Time since last request: 0.000075 seconds.
  path: Assets/Spade1-GM.fbx
  artifactKey: Guid(8e83605df3e337946beb412dac8b1835) Importer(815301076,1909f56bfc062723c751e8b465ee728b)
Start importing Assets/Spade1-GM.fbx using Guid(8e83605df3e337946beb412dac8b1835) Importer(815301076,1909f56bfc062723c751e8b465ee728b) (PreviewImporter) -> (artifact id: '5446d23ed1c7dee8d79036807ffa32ad') in 0.104828 seconds
Number of updated asset objects reloaded before import = 0Number of asset objects unloaded after import = 9

========================================================================
Received Import Request.
  Time since last request: 13.741117 seconds.
  path: Assets/FennecFox.fbx
  artifactKey: Guid(3775299718268c641b261971b85e6a3b) Importer(815301076,1909f56bfc062723c751e8b465ee728b)
Start importing Assets/FennecFox.fbx using Guid(3775299718268c641b261971b85e6a3b) Importer(815301076,1909f56bfc062723c751e8b465ee728b) (PreviewImporter) -> (artifact id: '2ddca7e90e858b23f11b88e6f6535cc4') in 0.6181195 seconds
Number of updated asset objects reloaded before import = 0Number of asset objects unloaded after import = 772

========================================================================
Received Import Request.
  Time since last request: 14.732100 seconds.
  path: Assets/Character.fbx
  artifactKey: Guid(80e8fce00cee3ce49941f9e82f6e1179) Importer(815301076,1909f56bfc062723c751e8b465ee728b)
Start importing Assets/Character.fbx using Guid(80e8fce00cee3ce49941f9e82f6e1179) Importer(815301076,1909f56bfc062723c751e8b465ee728b) (PreviewImporter) -> (artifact id: '09dacb3a9f53ed4b285247e1855023a9') in 0.0070757 seconds
Number of updated asset objects reloaded before import = 0Number of asset objects unloaded after import = 161

========================================================================
Received Import Request.
  Time since last request: 0.000369 seconds.
  path: Assets/Walk.fbx
  artifactKey: Guid(4e924c14da1361243af23ee45185fbf4) Importer(815301076,1909f56bfc062723c751e8b465ee728b)
Start importing Assets/Walk.fbx using Guid(4e924c14da1361243af23ee45185fbf4) Importer(815301076,1909f56bfc062723c751e8b465ee728b) (PreviewImporter) -> (artifact id: '4107f3ed39061fc47cf8c9bfe7e83032') in 0.0109993 seconds
Number of updated asset objects reloaded before import = 0Number of asset objects unloaded after import = 161

========================================================================
Received Import Request.
  Time since last request: 416.427518 seconds.
  path: Assets/SnowshoeHare.fbx
  artifactKey: Guid(0c678ff4d1c815f4ebe7f2256a37257d) Importer(815301076,1909f56bfc062723c751e8b465ee728b)
Start importing Assets/SnowshoeHare.fbx using Guid(0c678ff4d1c815f4ebe7f2256a37257d) Importer(815301076,1909f56bfc062723c751e8b465ee728b) (PreviewImporter) -> (artifact id: '79aaa212971ccfabeb9de4c7b45a149b') in 0.0829057 seconds
Number of updated asset objects reloaded before import = 0Number of asset objects unloaded after import = 771

========================================================================
Received Import Request.
  Time since last request: 32.834822 seconds.
  path: Assets/FennecFox.fbx
  artifactKey: Guid(3775299718268c641b261971b85e6a3b) Importer(815301076,1909f56bfc062723c751e8b465ee728b)
Start importing Assets/FennecFox.fbx using Guid(3775299718268c641b261971b85e6a3b) Importer(815301076,1909f56bfc062723c751e8b465ee728b) (PreviewImporter) -> (artifact id: 'f182b481fc98bc5f1a87a119cc3a731b') in 0.0942073 seconds
Number of updated asset objects reloaded before import = 0Number of asset objects unloaded after import = 772

========================================================================
Received Import Request.
  Time since last request: 18.483664 seconds.
  path: Assets/FlyingVulture.fbx
  artifactKey: Guid(6d0521e106389da4ba5d85d7880a0371) Importer(815301076,1909f56bfc062723c751e8b465ee728b)
Start importing Assets/FlyingVulture.fbx using Guid(6d0521e106389da4ba5d85d7880a0371) Importer(815301076,1909f56bfc062723c751e8b465ee728b) (PreviewImporter) -> (artifact id: 'd3b8a1f49b444ba8c7e521814db9b25d') in 0.0850885 seconds
Number of updated asset objects reloaded before import = 0Number of asset objects unloaded after import = 1037

========================================================================
Received Import Request.
  Time since last request: 32.038196 seconds.
  path: Assets/Owl.fbx
  artifactKey: Guid(488326f03345499418565fcf81ec200e) Importer(815301076,1909f56bfc062723c751e8b465ee728b)
Start importing Assets/Owl.fbx using Guid(488326f03345499418565fcf81ec200e) Importer(815301076,1909f56bfc062723c751e8b465ee728b) (PreviewImporter) -> (artifact id: '92e06a0edf8efb5e873271444bc3abc7') in 0.0606523 seconds
Number of updated asset objects reloaded before import = 0Number of asset objects unloaded after import = 387

========================================================================
Received Prepare
Begin MonoManager ReloadAssembly
[Licensing::Client] Successfully resolved entitlement details
- Loaded All Assemblies, in  1.042 seconds
Refreshing native plugins compatible for Editor in 0.76 ms, found 3 plugins.
Native extension for WindowsStandalone target not found
[Package Manager] Failed to launch server process. Reason: Unity was launched with the -noUpm command-line argument
[Package Manager] Unable to send message (not connected to server process).
[Package Manager] Cannot connect to Unity Package Manager local server
[Package Manager] Failed to launch server process. Reason: Unity was launched with the -noUpm command-line argument
[Package Manager] Unable to send message (not connected to server process).
[Package Manager] Cannot connect to Unity Package Manager local server
ScheduleIndexationOnStartup MainProcess:False IndexOnStartup:True
Mono: successfully reloaded assembly
- Finished resetting the current domain, in  1.884 seconds
Domain Reload Profiling: 2924ms
	BeginReloadAssembly (301ms)
		ExecutionOrderSort (0ms)
		DisableScriptedObjects (10ms)
		BackupInstance (0ms)
		ReleaseScriptingObjects (0ms)
		CreateAndSetChildDomain (66ms)
	RebuildCommonClasses (64ms)
	RebuildNativeTypeToScriptingClass (23ms)
	initialDomainReloadingComplete (45ms)
	LoadAllAssembliesAndSetupDomain (606ms)
		LoadAssemblies (504ms)
		RebuildTransferFunctionScriptingTraits (0ms)
		AnalyzeDomain (260ms)
			TypeCache.Refresh (9ms)
				TypeCache.ScanAssembly (0ms)
			BuildScriptInfoCaches (240ms)
			ResolveRequiredComponents (6ms)
	FinalizeReload (1885ms)
		ReleaseScriptCaches (0ms)
		RebuildScriptCaches (0ms)
		SetupLoadedEditorAssemblies (1637ms)
			LogAssemblyErrors (0ms)
			InitializePlatformSupportModulesInManaged (4ms)
			SetLoadedEditorAssemblies (7ms)
			BeforeProcessingInitializeOnLoad (235ms)
			ProcessInitializeOnLoadAttributes (1247ms)
			ProcessInitializeOnLoadMethodAttributes (129ms)
			AfterProcessingInitializeOnLoad (14ms)
			EditorAssembliesLoaded (0ms)
		ExecutionOrderSort2 (0ms)
		AwakeInstancesAfterBackupRestoration (16ms)
Refreshing native plugins compatible for Editor in 3.99 ms, found 3 plugins.
Preloading 0 native plugins for Editor in 0.00 ms.
Unloading 0 Unused Serialized files (Serialized files now loaded: 0)
Unloading 3533 unused Assets / (1.0 MB). Loaded Objects now: 4198.
Memory consumption went from 110.7 MB to 109.7 MB.
Total: 24.499400 ms (FindLiveObjects: 1.409600 ms CreateObjectMapping: 0.659800 ms MarkObjects: 18.399600 ms  DeleteObjects: 4.025700 ms)

Prepare: number of updated asset objects reloaded= 0
========================================================================
Received Prepare
Begin MonoManager ReloadAssembly
- Loaded All Assemblies, in  1.073 seconds
Refreshing native plugins compatible for Editor in 1.09 ms, found 3 plugins.
Native extension for WindowsStandalone target not found
[Package Manager] Failed to launch server process. Reason: Unity was launched with the -noUpm command-line argument
[Package Manager] Unable to send message (not connected to server process).
[Package Manager] Cannot connect to Unity Package Manager local server
[Package Manager] Failed to launch server process. Reason: Unity was launched with the -noUpm command-line argument
[Package Manager] Unable to send message (not connected to server process).
[Package Manager] Cannot connect to Unity Package Manager local server
ScheduleIndexationOnStartup MainProcess:False IndexOnStartup:True
Mono: successfully reloaded assembly
- Finished resetting the current domain, in  1.832 seconds
Domain Reload Profiling: 2905ms
	BeginReloadAssembly (300ms)
		ExecutionOrderSort (0ms)
		DisableScriptedObjects (12ms)
		BackupInstance (0ms)
		ReleaseScriptingObjects (0ms)
		CreateAndSetChildDomain (63ms)
	RebuildCommonClasses (67ms)
	RebuildNativeTypeToScriptingClass (31ms)
	initialDomainReloadingComplete (50ms)
	LoadAllAssembliesAndSetupDomain (625ms)
		LoadAssemblies (487ms)
		RebuildTransferFunctionScriptingTraits (0ms)
		AnalyzeDomain (290ms)
			TypeCache.Refresh (11ms)
				TypeCache.ScanAssembly (0ms)
			BuildScriptInfoCaches (266ms)
			ResolveRequiredComponents (7ms)
	FinalizeReload (1833ms)
		ReleaseScriptCaches (0ms)
		RebuildScriptCaches (0ms)
		SetupLoadedEditorAssemblies (1574ms)
			LogAssemblyErrors (0ms)
			InitializePlatformSupportModulesInManaged (5ms)
			SetLoadedEditorAssemblies (7ms)
			BeforeProcessingInitializeOnLoad (254ms)
			ProcessInitializeOnLoadAttributes (1154ms)
			ProcessInitializeOnLoadMethodAttributes (141ms)
			AfterProcessingInitializeOnLoad (11ms)
			EditorAssembliesLoaded (0ms)
		ExecutionOrderSort2 (0ms)
		AwakeInstancesAfterBackupRestoration (19ms)
Refreshing native plugins compatible for Editor in 2.10 ms, found 3 plugins.
Preloading 0 native plugins for Editor in 0.00 ms.
Unloading 0 Unused Serialized files (Serialized files now loaded: 0)
Unloading 3533 unused Assets / (0.8 MB). Loaded Objects now: 4199.
Memory consumption went from 110.7 MB to 109.9 MB.
Total: 17.033900 ms (FindLiveObjects: 1.166300 ms CreateObjectMapping: 1.056300 ms MarkObjects: 12.700700 ms  DeleteObjects: 2.108100 ms)

Prepare: number of updated asset objects reloaded= 0
========================================================================
Received Prepare
Begin MonoManager ReloadAssembly
[Licensing::Client] Successfully resolved entitlement details
- Loaded All Assemblies, in  1.090 seconds
Refreshing native plugins compatible for Editor in 1.19 ms, found 3 plugins.
Native extension for WindowsStandalone target not found
[Package Manager] Failed to launch server process. Reason: Unity was launched with the -noUpm command-line argument
[Package Manager] Unable to send message (not connected to server process).
[Package Manager] Cannot connect to Unity Package Manager local server
[Package Manager] Failed to launch server process. Reason: Unity was launched with the -noUpm command-line argument
[Package Manager] Unable to send message (not connected to server process).
[Package Manager] Cannot connect to Unity Package Manager local server
ScheduleIndexationOnStartup MainProcess:False IndexOnStartup:True
Mono: successfully reloaded assembly
- Finished resetting the current domain, in  1.625 seconds
Domain Reload Profiling: 2713ms
	BeginReloadAssembly (303ms)
		ExecutionOrderSort (0ms)
		DisableScriptedObjects (11ms)
		BackupInstance (0ms)
		ReleaseScriptingObjects (0ms)
		CreateAndSetChildDomain (60ms)
	RebuildCommonClasses (71ms)
	RebuildNativeTypeToScriptingClass (26ms)
	initialDomainReloadingComplete (36ms)
	LoadAllAssembliesAndSetupDomain (651ms)
		LoadAssemblies (532ms)
		RebuildTransferFunctionScriptingTraits (0ms)
		AnalyzeDomain (279ms)
			TypeCache.Refresh (8ms)
				TypeCache.ScanAssembly (0ms)
			BuildScriptInfoCaches (256ms)
			ResolveRequiredComponents (8ms)
	FinalizeReload (1627ms)
		ReleaseScriptCaches (0ms)
		RebuildScriptCaches (0ms)
		SetupLoadedEditorAssemblies (1382ms)
			LogAssemblyErrors (0ms)
			InitializePlatformSupportModulesInManaged (4ms)
			SetLoadedEditorAssemblies (8ms)
			BeforeProcessingInitializeOnLoad (196ms)
			ProcessInitializeOnLoadAttributes (1035ms)
			ProcessInitializeOnLoadMethodAttributes (127ms)
			AfterProcessingInitializeOnLoad (12ms)
			EditorAssembliesLoaded (1ms)
		ExecutionOrderSort2 (0ms)
		AwakeInstancesAfterBackupRestoration (23ms)
Refreshing native plugins compatible for Editor in 2.19 ms, found 3 plugins.
Preloading 0 native plugins for Editor in 0.00 ms.
Unloading 0 Unused Serialized files (Serialized files now loaded: 0)
Unloading 3533 unused Assets / (1.3 MB). Loaded Objects now: 4200.
Memory consumption went from 110.7 MB to 109.4 MB.
Total: 19.662800 ms (FindLiveObjects: 0.737400 ms CreateObjectMapping: 0.955600 ms MarkObjects: 12.431000 ms  DeleteObjects: 5.535600 ms)

Prepare: number of updated asset objects reloaded= 0
========================================================================
Received Prepare
Begin MonoManager ReloadAssembly
- Loaded All Assemblies, in  0.965 seconds
Refreshing native plugins compatible for Editor in 1.14 ms, found 3 plugins.
Native extension for WindowsStandalone target not found
[Package Manager] Failed to launch server process. Reason: Unity was launched with the -noUpm command-line argument
[Package Manager] Unable to send message (not connected to server process).
[Package Manager] Cannot connect to Unity Package Manager local server
[Package Manager] Failed to launch server process. Reason: Unity was launched with the -noUpm command-line argument
[Package Manager] Unable to send message (not connected to server process).
[Package Manager] Cannot connect to Unity Package Manager local server
ScheduleIndexationOnStartup MainProcess:False IndexOnStartup:True
Mono: successfully reloaded assembly
- Finished resetting the current domain, in  1.116 seconds
Domain Reload Profiling: 2079ms
	BeginReloadAssembly (295ms)
		ExecutionOrderSort (0ms)
		DisableScriptedObjects (8ms)
		BackupInstance (0ms)
		ReleaseScriptingObjects (0ms)
		CreateAndSetChildDomain (60ms)
	RebuildCommonClasses (63ms)
	RebuildNativeTypeToScriptingClass (25ms)
	initialDomainReloadingComplete (46ms)
	LoadAllAssembliesAndSetupDomain (533ms)
		LoadAssemblies (461ms)
		RebuildTransferFunctionScriptingTraits (0ms)
		AnalyzeDomain (221ms)
			TypeCache.Refresh (9ms)
				TypeCache.ScanAssembly (0ms)
			BuildScriptInfoCaches (198ms)
			ResolveRequiredComponents (8ms)
	FinalizeReload (1117ms)
		ReleaseScriptCaches (0ms)
		RebuildScriptCaches (0ms)
		SetupLoadedEditorAssemblies (938ms)
			LogAssemblyErrors (0ms)
			InitializePlatformSupportModulesInManaged (3ms)
			SetLoadedEditorAssemblies (6ms)
			BeforeProcessingInitializeOnLoad (197ms)
			ProcessInitializeOnLoadAttributes (652ms)
			ProcessInitializeOnLoadMethodAttributes (73ms)
			AfterProcessingInitializeOnLoad (7ms)
			EditorAssembliesLoaded (0ms)
		ExecutionOrderSort2 (0ms)
		AwakeInstancesAfterBackupRestoration (9ms)
Refreshing native plugins compatible for Editor in 1.12 ms, found 3 plugins.
Preloading 0 native plugins for Editor in 0.00 ms.
Unloading 0 Unused Serialized files (Serialized files now loaded: 0)
Unloading 3533 unused Assets / (0.9 MB). Loaded Objects now: 4201.
Memory consumption went from 110.7 MB to 109.8 MB.
Total: 12.457400 ms (FindLiveObjects: 0.790600 ms CreateObjectMapping: 0.459000 ms MarkObjects: 7.416800 ms  DeleteObjects: 3.787500 ms)

Prepare: number of updated asset objects reloaded= 0
========================================================================
Received Prepare
Begin MonoManager ReloadAssembly
[Licensing::Client] Successfully resolved entitlement details
- Loaded All Assemblies, in  1.011 seconds
Refreshing native plugins compatible for Editor in 1.21 ms, found 3 plugins.
Native extension for WindowsStandalone target not found
[Package Manager] Failed to launch server process. Reason: Unity was launched with the -noUpm command-line argument
[Package Manager] Unable to send message (not connected to server process).
[Package Manager] Cannot connect to Unity Package Manager local server
[Package Manager] Failed to launch server process. Reason: Unity was launched with the -noUpm command-line argument
[Package Manager] Unable to send message (not connected to server process).
[Package Manager] Cannot connect to Unity Package Manager local server
ScheduleIndexationOnStartup MainProcess:False IndexOnStartup:True
Mono: successfully reloaded assembly
- Finished resetting the current domain, in  1.525 seconds
Domain Reload Profiling: 2536ms
	BeginReloadAssembly (305ms)
		ExecutionOrderSort (0ms)
		DisableScriptedObjects (12ms)
		BackupInstance (0ms)
		ReleaseScriptingObjects (0ms)
		CreateAndSetChildDomain (61ms)
	RebuildCommonClasses (61ms)
	RebuildNativeTypeToScriptingClass (28ms)
	initialDomainReloadingComplete (45ms)
	LoadAllAssembliesAndSetupDomain (570ms)
		LoadAssemblies (484ms)
		RebuildTransferFunctionScriptingTraits (0ms)
		AnalyzeDomain (251ms)
			TypeCache.Refresh (8ms)
				TypeCache.ScanAssembly (0ms)
			BuildScriptInfoCaches (229ms)
			ResolveRequiredComponents (8ms)
	FinalizeReload (1527ms)
		ReleaseScriptCaches (0ms)
		RebuildScriptCaches (0ms)
		SetupLoadedEditorAssemblies (1285ms)
			LogAssemblyErrors (0ms)
			InitializePlatformSupportModulesInManaged (3ms)
			SetLoadedEditorAssemblies (6ms)
			BeforeProcessingInitializeOnLoad (200ms)
			ProcessInitializeOnLoadAttributes (949ms)
			ProcessInitializeOnLoadMethodAttributes (112ms)
			AfterProcessingInitializeOnLoad (14ms)
			EditorAssembliesLoaded (0ms)
		ExecutionOrderSort2 (0ms)
		AwakeInstancesAfterBackupRestoration (18ms)
Refreshing native plugins compatible for Editor in 4.17 ms, found 3 plugins.
Preloading 0 native plugins for Editor in 0.00 ms.
Unloading 0 Unused Serialized files (Serialized files now loaded: 0)
Unloading 3533 unused Assets / (0.6 MB). Loaded Objects now: 4202.
Memory consumption went from 110.7 MB to 110.2 MB.
Total: 16.306500 ms (FindLiveObjects: 1.625800 ms CreateObjectMapping: 0.571400 ms MarkObjects: 12.475600 ms  DeleteObjects: 1.628000 ms)

Prepare: number of updated asset objects reloaded= 0
========================================================================
Received Import Request.
  Time since last request: 642.453151 seconds.
  path: Assets
  artifactKey: Guid(00000000000000001000000000000000) Importer(815301076,1909f56bfc062723c751e8b465ee728b)
Start importing Assets using Guid(00000000000000001000000000000000) Importer(815301076,1909f56bfc062723c751e8b465ee728b) (PreviewImporter) -> (artifact id: 'c391582d739b6e62a5220f35cbb167ac') in 0.0073036 seconds
Number of updated asset objects reloaded before import = 0Number of asset objects unloaded after import = 0

========================================================================
Received Import Request.
  Time since last request: 3.753423 seconds.
  path: Assets/Character.fbx
  artifactKey: Guid(80e8fce00cee3ce49941f9e82f6e1179) Importer(2089858483,b0f066a214c2f5e87bad3c948f4d605d)
Start importing Assets/Character.fbx using Guid(80e8fce00cee3ce49941f9e82f6e1179) Importer(2089858483,b0f066a214c2f5e87bad3c948f4d605d) (ScriptedImporter) -> (artifact id: 'fcb411e12f13cae2b56cd0e19f4ffeb0') in 0.2490439 seconds
Number of updated asset objects reloaded before import = 0Number of asset objects unloaded after import = 161

========================================================================
Received Import Request.
  Time since last request: 0.000032 seconds.
  path: Assets/Jump.fbx
  artifactKey: Guid(006eece3f3fde3b48948b03105637777) Importer(2089858483,b0f066a214c2f5e87bad3c948f4d605d)
Start importing Assets/Jump.fbx using Guid(006eece3f3fde3b48948b03105637777) Importer(2089858483,b0f066a214c2f5e87bad3c948f4d605d) (ScriptedImporter) -> (artifact id: '05e4a4e7aceef738b50626825ba2928d') in 0.0441718 seconds
Number of updated asset objects reloaded before import = 0Number of asset objects unloaded after import = 161

========================================================================
Received Import Request.
  Time since last request: 0.000037 seconds.
  path: Assets/TextMesh Pro/Resources/Style Sheets/Default Style Sheet.asset
  artifactKey: Guid(f952c082cb03451daed3ee968ac6c63e) Importer(2089858483,b0f066a214c2f5e87bad3c948f4d605d)
Start importing Assets/TextMesh Pro/Resources/Style Sheets/Default Style Sheet.asset using Guid(f952c082cb03451daed3ee968ac6c63e) Importer(2089858483,b0f066a214c2f5e87bad3c948f4d605d) (ScriptedImporter) -> (artifact id: 'a11d83e2b9c4a127c36c4b7e2f056abc') in 0.0440225 seconds
Number of updated asset objects reloaded before import = 0Number of asset objects unloaded after import = 1

========================================================================
Received Import Request.
  Time since last request: 0.000396 seconds.
  path: Assets/SnowshoeHare.fbx
  artifactKey: Guid(0c678ff4d1c815f4ebe7f2256a37257d) Importer(2089858483,b0f066a214c2f5e87bad3c948f4d605d)
Start importing Assets/SnowshoeHare.fbx using Guid(0c678ff4d1c815f4ebe7f2256a37257d) Importer(2089858483,b0f066a214c2f5e87bad3c948f4d605d) (ScriptedImporter) -> (artifact id: 'bc8c75392355f1f1d547c535df02f0b6') in 0.0630076 seconds
Number of updated asset objects reloaded before import = 0Number of asset objects unloaded after import = 771

========================================================================
Received Import Request.
  Time since last request: 0.000029 seconds.
  path: Assets/Walk.fbx
  artifactKey: Guid(4e924c14da1361243af23ee45185fbf4) Importer(2089858483,b0f066a214c2f5e87bad3c948f4d605d)
Start importing Assets/Walk.fbx using Guid(4e924c14da1361243af23ee45185fbf4) Importer(2089858483,b0f066a214c2f5e87bad3c948f4d605d) (ScriptedImporter) -> (artifact id: '70e6dabd6c88f9a7a0a1ea5e0ceee2bc') in 0.0489841 seconds
Number of updated asset objects reloaded before import = 0Number of asset objects unloaded after import = 161

========================================================================
Received Import Request.
  Time since last request: 0.000027 seconds.
  path: Assets/Scenes/SampleScene.unity
  artifactKey: Guid(9fc0d4010bbf28b4594072e72b8655ab) Importer(2089858483,b0f066a214c2f5e87bad3c948f4d605d)
Start importing Assets/Scenes/SampleScene.unity using Guid(9fc0d4010bbf28b4594072e72b8655ab) Importer(2089858483,b0f066a214c2f5e87bad3c948f4d605d) (ScriptedImporter) -> (artifact id: '56949b030bb52c6c814cdde72ab33db1') in 0.0345283 seconds
Number of updated asset objects reloaded before import = 0Number of asset objects unloaded after import = 1

========================================================================
Received Import Request.
  Time since last request: 0.000256 seconds.
  path: Assets/Plugins/Demigiant/DOTween/Editor/Imgs/Header.jpg
  artifactKey: Guid(78a59ca99f8987941adb61f9e14a06a7) Importer(2089858483,b0f066a214c2f5e87bad3c948f4d605d)
Start importing Assets/Plugins/Demigiant/DOTween/Editor/Imgs/Header.jpg using Guid(78a59ca99f8987941adb61f9e14a06a7) Importer(2089858483,b0f066a214c2f5e87bad3c948f4d605d) (ScriptedImporter) -> (artifact id: '80dbd835d6f19a48db0c338e565955f5') in 0.1008437 seconds
Number of updated asset objects reloaded before import = 0Number of asset objects unloaded after import = 1

========================================================================
Received Import Request.
  Time since last request: 0.000117 seconds.
  path: Assets/TextMesh Pro/Shaders/TMP_Bitmap.shader
  artifactKey: Guid(128e987d567d4e2c824d754223b3f3b0) Importer(2089858483,b0f066a214c2f5e87bad3c948f4d605d)
Start importing Assets/TextMesh Pro/Shaders/TMP_Bitmap.shader using Guid(128e987d567d4e2c824d754223b3f3b0) Importer(2089858483,b0f066a214c2f5e87bad3c948f4d605d) (ScriptedImporter) -> (artifact id: '95b27fb93396a4e553fe6b17878459a4') in 0.0365683 seconds
Number of updated asset objects reloaded before import = 0Number of asset objects unloaded after import = 1

========================================================================
Received Import Request.
  Time since last request: 0.000119 seconds.
  path: Assets/TextMesh Pro/Resources/Sprite Assets/EmojiOne.asset
  artifactKey: Guid(c41005c129ba4d66911b75229fd70b45) Importer(2089858483,b0f066a214c2f5e87bad3c948f4d605d)
Start importing Assets/TextMesh Pro/Resources/Sprite Assets/EmojiOne.asset using Guid(c41005c129ba4d66911b75229fd70b45) Importer(2089858483,b0f066a214c2f5e87bad3c948f4d605d) (ScriptedImporter) -> (artifact id: '84dd6bb61c35fa90b7bb1cffa4535cb1') in 0.053821 seconds
Number of updated asset objects reloaded before import = 0Number of asset objects unloaded after import = 3

========================================================================
Received Import Request.
  Time since last request: 0.000031 seconds.
  path: Assets/FlyingVulture.fbx
  artifactKey: Guid(6d0521e106389da4ba5d85d7880a0371) Importer(2089858483,b0f066a214c2f5e87bad3c948f4d605d)
Start importing Assets/FlyingVulture.fbx using Guid(6d0521e106389da4ba5d85d7880a0371) Importer(2089858483,b0f066a214c2f5e87bad3c948f4d605d) (ScriptedImporter) -> (artifact id: 'c85ed769012e26892ae5bd377a26fef0') in 0.0608579 seconds
Number of updated asset objects reloaded before import = 0Number of asset objects unloaded after import = 1037

========================================================================
Received Import Request.
  Time since last request: 0.000033 seconds.
  path: Assets/Scanner.fbx
  artifactKey: Guid(6bade0e791277344095e61c59fd075ed) Importer(2089858483,b0f066a214c2f5e87bad3c948f4d605d)
Start importing Assets/Scanner.fbx using Guid(6bade0e791277344095e61c59fd075ed) Importer(2089858483,b0f066a214c2f5e87bad3c948f4d605d) (ScriptedImporter) -> (artifact id: '96b3fd1230d8323bce0f8bb24b477407') in 0.0550139 seconds
Number of updated asset objects reloaded before import = 0Number of asset objects unloaded after import = 59

========================================================================
Received Import Request.
  Time since last request: 0.000029 seconds.
  path: Assets/StangersTent1-GM.fbx
  artifactKey: Guid(6d5f01f6483286b4a8097a60bd4eb9d5) Importer(2089858483,b0f066a214c2f5e87bad3c948f4d605d)
Start importing Assets/StangersTent1-GM.fbx using Guid(6d5f01f6483286b4a8097a60bd4eb9d5) Importer(2089858483,b0f066a214c2f5e87bad3c948f4d605d) (ScriptedImporter) -> (artifact id: 'bec803674ece72c0f4c997dbbfaff83f') in 0.0863186 seconds
Number of updated asset objects reloaded before import = 0Number of asset objects unloaded after import = 9

========================================================================
Received Import Request.
  Time since last request: 0.000042 seconds.
  path: Assets/TextMesh Pro/Resources/Fonts & Materials/LiberationSans SDF - Fallback.asset
  artifactKey: Guid(2e498d1c8094910479dc3e1b768306a4) Importer(2089858483,b0f066a214c2f5e87bad3c948f4d605d)
Start importing Assets/TextMesh Pro/Resources/Fonts & Materials/LiberationSans SDF - Fallback.asset using Guid(2e498d1c8094910479dc3e1b768306a4) Importer(2089858483,b0f066a214c2f5e87bad3c948f4d605d) (ScriptedImporter) -> (artifact id: '7577c24cb5e8fad1440c4a65e809737e') in 0.0677017 seconds
Number of updated asset objects reloaded before import = 0Number of asset objects unloaded after import = 5

========================================================================
Received Import Request.
  Time since last request: 3.248396 seconds.
  path: Assets/FoxAnimator.controller
  artifactKey: Guid(eb8a5889d44582d4693668d3b581f13d) Importer(815301076,1909f56bfc062723c751e8b465ee728b)
Start importing Assets/FoxAnimator.controller using Guid(eb8a5889d44582d4693668d3b581f13d) Importer(815301076,1909f56bfc062723c751e8b465ee728b) (PreviewImporter) -> (artifact id: '62c445294f8e203dc123e0b5a2680230') in 0.0234745 seconds
Number of updated asset objects reloaded before import = 0Number of asset objects unloaded after import = 1

========================================================================
Received Import Request.
  Time since last request: 0.904712 seconds.
  path: Assets/FoxAnimator.controller
  artifactKey: Guid(eb8a5889d44582d4693668d3b581f13d) Importer(2089858483,b0f066a214c2f5e87bad3c948f4d605d)
Start importing Assets/FoxAnimator.controller using Guid(eb8a5889d44582d4693668d3b581f13d) Importer(2089858483,b0f066a214c2f5e87bad3c948f4d605d) (ScriptedImporter) -> (artifact id: '315ada786b9f955f69113e69c15710df') in 0.0266441 seconds
Number of updated asset objects reloaded before import = 0Number of asset objects unloaded after import = 1

========================================================================
Received Prepare
Begin MonoManager ReloadAssembly
[Licensing::Client] Successfully resolved entitlement details
- Loaded All Assemblies, in  1.194 seconds
Refreshing native plugins compatible for Editor in 1.32 ms, found 3 plugins.
Native extension for WindowsStandalone target not found
[Package Manager] Failed to launch server process. Reason: Unity was launched with the -noUpm command-line argument
[Package Manager] Unable to send message (not connected to server process).
[Package Manager] Cannot connect to Unity Package Manager local server
[Package Manager] Failed to launch server process. Reason: Unity was launched with the -noUpm command-line argument
[Package Manager] Unable to send message (not connected to server process).
[Package Manager] Cannot connect to Unity Package Manager local server
ScheduleIndexationOnStartup MainProcess:False IndexOnStartup:True
Mono: successfully reloaded assembly
- Finished resetting the current domain, in  1.833 seconds
Domain Reload Profiling: 3026ms
	BeginReloadAssembly (341ms)
		ExecutionOrderSort (0ms)
		DisableScriptedObjects (14ms)
		BackupInstance (0ms)
		ReleaseScriptingObjects (0ms)
		CreateAndSetChildDomain (67ms)
	RebuildCommonClasses (64ms)
	RebuildNativeTypeToScriptingClass (26ms)
	initialDomainReloadingComplete (44ms)
	LoadAllAssembliesAndSetupDomain (716ms)
		LoadAssemblies (602ms)
		RebuildTransferFunctionScriptingTraits (0ms)
		AnalyzeDomain (299ms)
			TypeCache.Refresh (10ms)
				TypeCache.ScanAssembly (0ms)
			BuildScriptInfoCaches (271ms)
			ResolveRequiredComponents (11ms)
	FinalizeReload (1834ms)
		ReleaseScriptCaches (0ms)
		RebuildScriptCaches (0ms)
		SetupLoadedEditorAssemblies (1567ms)
			LogAssemblyErrors (0ms)
			InitializePlatformSupportModulesInManaged (2ms)
			SetLoadedEditorAssemblies (4ms)
			BeforeProcessingInitializeOnLoad (238ms)
			ProcessInitializeOnLoadAttributes (1247ms)
			ProcessInitializeOnLoadMethodAttributes (68ms)
			AfterProcessingInitializeOnLoad (7ms)
			EditorAssembliesLoaded (0ms)
		ExecutionOrderSort2 (0ms)
		AwakeInstancesAfterBackupRestoration (9ms)
Refreshing native plugins compatible for Editor in 5.71 ms, found 3 plugins.
Preloading 0 native plugins for Editor in 0.00 ms.
Unloading 0 Unused Serialized files (Serialized files now loaded: 0)
Unloading 3533 unused Assets / (0.7 MB). Loaded Objects now: 4203.
Memory consumption went from 110.8 MB to 110.1 MB.
Total: 12.023500 ms (FindLiveObjects: 0.415500 ms CreateObjectMapping: 0.192600 ms MarkObjects: 9.817500 ms  DeleteObjects: 1.593800 ms)

Prepare: number of updated asset objects reloaded= 0
========================================================================
Received Prepare
Begin MonoManager ReloadAssembly
- Loaded All Assemblies, in  1.037 seconds
Refreshing native plugins compatible for Editor in 1.20 ms, found 3 plugins.
Native extension for WindowsStandalone target not found
[Package Manager] Failed to launch server process. Reason: Unity was launched with the -noUpm command-line argument
[Package Manager] Unable to send message (not connected to server process).
[Package Manager] Cannot connect to Unity Package Manager local server
[Package Manager] Failed to launch server process. Reason: Unity was launched with the -noUpm command-line argument
[Package Manager] Unable to send message (not connected to server process).
[Package Manager] Cannot connect to Unity Package Manager local server
ScheduleIndexationOnStartup MainProcess:False IndexOnStartup:True
Mono: successfully reloaded assembly
- Finished resetting the current domain, in  1.320 seconds
Domain Reload Profiling: 2355ms
	BeginReloadAssembly (311ms)
		ExecutionOrderSort (0ms)
		DisableScriptedObjects (11ms)
		BackupInstance (0ms)
		ReleaseScriptingObjects (0ms)
		CreateAndSetChildDomain (68ms)
	RebuildCommonClasses (54ms)
	RebuildNativeTypeToScriptingClass (28ms)
	initialDomainReloadingComplete (44ms)
	LoadAllAssembliesAndSetupDomain (597ms)
		LoadAssemblies (497ms)
		RebuildTransferFunctionScriptingTraits (0ms)
		AnalyzeDomain (250ms)
			TypeCache.Refresh (8ms)
				TypeCache.ScanAssembly (0ms)
			BuildScriptInfoCaches (231ms)
			ResolveRequiredComponents (6ms)
	FinalizeReload (1322ms)
		ReleaseScriptCaches (0ms)
		RebuildScriptCaches (0ms)
		SetupLoadedEditorAssemblies (1089ms)
			LogAssemblyErrors (0ms)
			InitializePlatformSupportModulesInManaged (3ms)
			SetLoadedEditorAssemblies (6ms)
			BeforeProcessingInitializeOnLoad (209ms)
			ProcessInitializeOnLoadAttributes (774ms)
			ProcessInitializeOnLoadMethodAttributes (92ms)
			AfterProcessingInitializeOnLoad (6ms)
			EditorAssembliesLoaded (0ms)
		ExecutionOrderSort2 (0ms)
		AwakeInstancesAfterBackupRestoration (11ms)
Refreshing native plugins compatible for Editor in 1.41 ms, found 3 plugins.
Preloading 0 native plugins for Editor in 0.00 ms.
Unloading 0 Unused Serialized files (Serialized files now loaded: 0)
Unloading 3533 unused Assets / (0.9 MB). Loaded Objects now: 4204.
Memory consumption went from 110.8 MB to 109.9 MB.
Total: 11.625000 ms (FindLiveObjects: 0.421700 ms CreateObjectMapping: 0.360100 ms MarkObjects: 8.647600 ms  DeleteObjects: 2.192400 ms)

Prepare: number of updated asset objects reloaded= 0
========================================================================
Received Prepare
Begin MonoManager ReloadAssembly
[Licensing::Client] Successfully resolved entitlement details
- Loaded All Assemblies, in  1.037 seconds
Refreshing native plugins compatible for Editor in 1.42 ms, found 3 plugins.
Native extension for WindowsStandalone target not found
[Package Manager] Failed to launch server process. Reason: Unity was launched with the -noUpm command-line argument
[Package Manager] Unable to send message (not connected to server process).
[Package Manager] Cannot connect to Unity Package Manager local server
[Package Manager] Failed to launch server process. Reason: Unity was launched with the -noUpm command-line argument
[Package Manager] Unable to send message (not connected to server process).
[Package Manager] Cannot connect to Unity Package Manager local server
ScheduleIndexationOnStartup MainProcess:False IndexOnStartup:True
Mono: successfully reloaded assembly
- Finished resetting the current domain, in  1.186 seconds
Domain Reload Profiling: 2224ms
	BeginReloadAssembly (292ms)
		ExecutionOrderSort (0ms)
		DisableScriptedObjects (9ms)
		BackupInstance (0ms)
		ReleaseScriptingObjects (0ms)
		CreateAndSetChildDomain (55ms)
	RebuildCommonClasses (76ms)
	RebuildNativeTypeToScriptingClass (21ms)
	initialDomainReloadingComplete (34ms)
	LoadAllAssembliesAndSetupDomain (614ms)
		LoadAssemblies (519ms)
		RebuildTransferFunctionScriptingTraits (0ms)
		AnalyzeDomain (254ms)
			TypeCache.Refresh (8ms)
				TypeCache.ScanAssembly (0ms)
			BuildScriptInfoCaches (229ms)
			ResolveRequiredComponents (10ms)
	FinalizeReload (1187ms)
		ReleaseScriptCaches (0ms)
		RebuildScriptCaches (0ms)
		SetupLoadedEditorAssemblies (996ms)
			LogAssemblyErrors (0ms)
			InitializePlatformSupportModulesInManaged (3ms)
			SetLoadedEditorAssemblies (6ms)
			BeforeProcessingInitializeOnLoad (208ms)
			ProcessInitializeOnLoadAttributes (699ms)
			ProcessInitializeOnLoadMethodAttributes (73ms)
			AfterProcessingInitializeOnLoad (7ms)
			EditorAssembliesLoaded (0ms)
		ExecutionOrderSort2 (0ms)
		AwakeInstancesAfterBackupRestoration (12ms)
Refreshing native plugins compatible for Editor in 2.48 ms, found 3 plugins.
Preloading 0 native plugins for Editor in 0.00 ms.
Unloading 0 Unused Serialized files (Serialized files now loaded: 0)
Unloading 3533 unused Assets / (1.3 MB). Loaded Objects now: 4205.
Memory consumption went from 110.8 MB to 109.5 MB.
Total: 17.798200 ms (FindLiveObjects: 0.454500 ms CreateObjectMapping: 0.398200 ms MarkObjects: 13.408800 ms  DeleteObjects: 3.530900 ms)

Prepare: number of updated asset objects reloaded= 0
========================================================================
Received Import Request.
  Time since last request: 219.578351 seconds.
  path: Assets/FennecFox.fbx
  artifactKey: Guid(3775299718268c641b261971b85e6a3b) Importer(2089858483,b0f066a214c2f5e87bad3c948f4d605d)
Start importing Assets/FennecFox.fbx using Guid(3775299718268c641b261971b85e6a3b) Importer(2089858483,b0f066a214c2f5e87bad3c948f4d605d) (ScriptedImporter) -> (artifact id: '3206ff22fe221fb2fe50609e42c1e94c') in 0.2245598 seconds
Number of updated asset objects reloaded before import = 0Number of asset objects unloaded after import = 772

========================================================================
Received Import Request.
  Time since last request: 15.289721 seconds.
  path: Assets/HareController 1.controller
  artifactKey: Guid(f435c407b388b6d47af4d6b1d2fc117b) Importer(2089858483,b0f066a214c2f5e87bad3c948f4d605d)
Start importing Assets/HareController 1.controller using Guid(f435c407b388b6d47af4d6b1d2fc117b) Importer(2089858483,b0f066a214c2f5e87bad3c948f4d605d) (ScriptedImporter) -> (artifact id: 'eb8534fc91ccb4177fb54f411b22d6db') in 0.0417496 seconds
Number of updated asset objects reloaded before import = 0Number of asset objects unloaded after import = 2

========================================================================
Received Import Request.
  Time since last request: 67.784427 seconds.
  path: Assets/Scenes/SampleScene.unity
  artifactKey: Guid(9fc0d4010bbf28b4594072e72b8655ab) Importer(2089858483,b0f066a214c2f5e87bad3c948f4d605d)
Start importing Assets/Scenes/SampleScene.unity using Guid(9fc0d4010bbf28b4594072e72b8655ab) Importer(2089858483,b0f066a214c2f5e87bad3c948f4d605d) (ScriptedImporter) -> (artifact id: '5d1b29e1292652281216b9724f7a229f') in 0.0451095 seconds
Number of updated asset objects reloaded before import = 0Number of asset objects unloaded after import = 1

========================================================================
Received Prepare
Begin MonoManager ReloadAssembly
[Licensing::Client] Successfully resolved entitlement details
- Loaded All Assemblies, in  1.048 seconds
Refreshing native plugins compatible for Editor in 1.36 ms, found 3 plugins.
Native extension for WindowsStandalone target not found
[Package Manager] Failed to launch server process. Reason: Unity was launched with the -noUpm command-line argument
[Package Manager] Unable to send message (not connected to server process).
[Package Manager] Cannot connect to Unity Package Manager local server
[Package Manager] Failed to launch server process. Reason: Unity was launched with the -noUpm command-line argument
[Package Manager] Unable to send message (not connected to server process).
[Package Manager] Cannot connect to Unity Package Manager local server
ScheduleIndexationOnStartup MainProcess:False IndexOnStartup:True
Mono: successfully reloaded assembly
- Finished resetting the current domain, in  1.625 seconds
Domain Reload Profiling: 2673ms
	BeginReloadAssembly (312ms)
		ExecutionOrderSort (0ms)
		DisableScriptedObjects (17ms)
		BackupInstance (0ms)
		ReleaseScriptingObjects (0ms)
		CreateAndSetChildDomain (69ms)
	RebuildCommonClasses (61ms)
	RebuildNativeTypeToScriptingClass (25ms)
	initialDomainReloadingComplete (43ms)
	LoadAllAssembliesAndSetupDomain (606ms)
		LoadAssemblies (512ms)
		RebuildTransferFunctionScriptingTraits (0ms)
		AnalyzeDomain (247ms)
			TypeCache.Refresh (10ms)
				TypeCache.ScanAssembly (0ms)
			BuildScriptInfoCaches (224ms)
			ResolveRequiredComponents (7ms)
	FinalizeReload (1626ms)
		ReleaseScriptCaches (0ms)
		RebuildScriptCaches (0ms)
		SetupLoadedEditorAssemblies (1362ms)
			LogAssemblyErrors (0ms)
			InitializePlatformSupportModulesInManaged (3ms)
			SetLoadedEditorAssemblies (7ms)
			BeforeProcessingInitializeOnLoad (221ms)
			ProcessInitializeOnLoadAttributes (975ms)
			ProcessInitializeOnLoadMethodAttributes (147ms)
			AfterProcessingInitializeOnLoad (9ms)
			EditorAssembliesLoaded (0ms)
		ExecutionOrderSort2 (0ms)
		AwakeInstancesAfterBackupRestoration (19ms)
Refreshing native plugins compatible for Editor in 1.24 ms, found 3 plugins.
Preloading 0 native plugins for Editor in 0.00 ms.
Unloading 0 Unused Serialized files (Serialized files now loaded: 0)
Unloading 3533 unused Assets / (0.6 MB). Loaded Objects now: 4206.
Memory consumption went from 110.8 MB to 110.1 MB.
Total: 11.247400 ms (FindLiveObjects: 0.669000 ms CreateObjectMapping: 0.361300 ms MarkObjects: 9.149900 ms  DeleteObjects: 1.065600 ms)

Prepare: number of updated asset objects reloaded= 0
========================================================================
Received Prepare
Begin MonoManager ReloadAssembly
[Licensing::Client] Successfully resolved entitlement details
- Loaded All Assemblies, in  0.990 seconds
Refreshing native plugins compatible for Editor in 1.60 ms, found 3 plugins.
Native extension for WindowsStandalone target not found
[Package Manager] Failed to launch server process. Reason: Unity was launched with the -noUpm command-line argument
[Package Manager] Unable to send message (not connected to server process).
[Package Manager] Cannot connect to Unity Package Manager local server
[Package Manager] Failed to launch server process. Reason: Unity was launched with the -noUpm command-line argument
[Package Manager] Unable to send message (not connected to server process).
[Package Manager] Cannot connect to Unity Package Manager local server
ScheduleIndexationOnStartup MainProcess:False IndexOnStartup:True
Mono: successfully reloaded assembly
- Finished resetting the current domain, in  1.503 seconds
Domain Reload Profiling: 2493ms
	BeginReloadAssembly (307ms)
		ExecutionOrderSort (0ms)
		DisableScriptedObjects (12ms)
		BackupInstance (0ms)
		ReleaseScriptingObjects (0ms)
		CreateAndSetChildDomain (62ms)
	RebuildCommonClasses (60ms)
	RebuildNativeTypeToScriptingClass (21ms)
	initialDomainReloadingComplete (39ms)
	LoadAllAssembliesAndSetupDomain (561ms)
		LoadAssemblies (496ms)
		RebuildTransferFunctionScriptingTraits (0ms)
		AnalyzeDomain (223ms)
			TypeCache.Refresh (13ms)
				TypeCache.ScanAssembly (0ms)
			BuildScriptInfoCaches (198ms)
			ResolveRequiredComponents (6ms)
	FinalizeReload (1505ms)
		ReleaseScriptCaches (0ms)
		RebuildScriptCaches (0ms)
		SetupLoadedEditorAssemblies (1295ms)
			LogAssemblyErrors (0ms)
			InitializePlatformSupportModulesInManaged (2ms)
			SetLoadedEditorAssemblies (4ms)
			BeforeProcessingInitializeOnLoad (209ms)
			ProcessInitializeOnLoadAttributes (935ms)
			ProcessInitializeOnLoadMethodAttributes (131ms)
			AfterProcessingInitializeOnLoad (12ms)
			EditorAssembliesLoaded (1ms)
		ExecutionOrderSort2 (0ms)
		AwakeInstancesAfterBackupRestoration (20ms)
Refreshing native plugins compatible for Editor in 2.14 ms, found 3 plugins.
Preloading 0 native plugins for Editor in 0.00 ms.
Unloading 0 Unused Serialized files (Serialized files now loaded: 0)
Unloading 3533 unused Assets / (0.7 MB). Loaded Objects now: 4207.
Memory consumption went from 110.8 MB to 110.1 MB.
Total: 15.090800 ms (FindLiveObjects: 0.828300 ms CreateObjectMapping: 0.273000 ms MarkObjects: 11.914100 ms  DeleteObjects: 2.072400 ms)

Prepare: number of updated asset objects reloaded= 0
========================================================================
Received Prepare
Begin MonoManager ReloadAssembly
- Loaded All Assemblies, in  1.058 seconds
Refreshing native plugins compatible for Editor in 1.73 ms, found 3 plugins.
Native extension for WindowsStandalone target not found
[Package Manager] Failed to launch server process. Reason: Unity was launched with the -noUpm command-line argument
[Package Manager] Unable to send message (not connected to server process).
[Package Manager] Cannot connect to Unity Package Manager local server
[Package Manager] Failed to launch server process. Reason: Unity was launched with the -noUpm command-line argument
[Package Manager] Unable to send message (not connected to server process).
[Package Manager] Cannot connect to Unity Package Manager local server
ScheduleIndexationOnStartup MainProcess:False IndexOnStartup:True
Mono: successfully reloaded assembly
- Finished resetting the current domain, in  1.869 seconds
Domain Reload Profiling: 2926ms
	BeginReloadAssembly (303ms)
		ExecutionOrderSort (0ms)
		DisableScriptedObjects (8ms)
		BackupInstance (0ms)
		ReleaseScriptingObjects (0ms)
		CreateAndSetChildDomain (59ms)
	RebuildCommonClasses (70ms)
	RebuildNativeTypeToScriptingClass (24ms)
	initialDomainReloadingComplete (46ms)
	LoadAllAssembliesAndSetupDomain (612ms)
		LoadAssemblies (505ms)
		RebuildTransferFunctionScriptingTraits (0ms)
		AnalyzeDomain (272ms)
			TypeCache.Refresh (10ms)
				TypeCache.ScanAssembly (0ms)
			BuildScriptInfoCaches (249ms)
			ResolveRequiredComponents (8ms)
	FinalizeReload (1870ms)
		ReleaseScriptCaches (0ms)
		RebuildScriptCaches (0ms)
		SetupLoadedEditorAssemblies (1634ms)
			LogAssemblyErrors (0ms)
			InitializePlatformSupportModulesInManaged (2ms)
			SetLoadedEditorAssemblies (5ms)
			BeforeProcessingInitializeOnLoad (342ms)
			ProcessInitializeOnLoadAttributes (1146ms)
			ProcessInitializeOnLoadMethodAttributes (127ms)
			AfterProcessingInitializeOnLoad (10ms)
			EditorAssembliesLoaded (0ms)
		ExecutionOrderSort2 (0ms)
		AwakeInstancesAfterBackupRestoration (14ms)
Refreshing native plugins compatible for Editor in 2.41 ms, found 3 plugins.
Preloading 0 native plugins for Editor in 0.00 ms.
Unloading 0 Unused Serialized files (Serialized files now loaded: 0)
Unloading 3533 unused Assets / (0.8 MB). Loaded Objects now: 4208.
Memory consumption went from 110.8 MB to 110.0 MB.
Total: 20.168200 ms (FindLiveObjects: 2.039900 ms CreateObjectMapping: 0.982100 ms MarkObjects: 13.923200 ms  DeleteObjects: 3.215600 ms)

Prepare: number of updated asset objects reloaded= 0
========================================================================
Received Prepare
Begin MonoManager ReloadAssembly
- Loaded All Assemblies, in  1.042 seconds
Refreshing native plugins compatible for Editor in 1.28 ms, found 3 plugins.
Native extension for WindowsStandalone target not found
[Package Manager] Failed to launch server process. Reason: Unity was launched with the -noUpm command-line argument
[Package Manager] Unable to send message (not connected to server process).
[Package Manager] Cannot connect to Unity Package Manager local server
[Package Manager] Failed to launch server process. Reason: Unity was launched with the -noUpm command-line argument
[Package Manager] Unable to send message (not connected to server process).
[Package Manager] Cannot connect to Unity Package Manager local server
ScheduleIndexationOnStartup MainProcess:False IndexOnStartup:True
Mono: successfully reloaded assembly
- Finished resetting the current domain, in  1.560 seconds
Domain Reload Profiling: 2600ms
	BeginReloadAssembly (307ms)
		ExecutionOrderSort (0ms)
		DisableScriptedObjects (7ms)
		BackupInstance (0ms)
		ReleaseScriptingObjects (0ms)
		CreateAndSetChildDomain (55ms)
	RebuildCommonClasses (60ms)
	RebuildNativeTypeToScriptingClass (32ms)
	initialDomainReloadingComplete (44ms)
	LoadAllAssembliesAndSetupDomain (597ms)
		LoadAssemblies (519ms)
		RebuildTransferFunctionScriptingTraits (0ms)
		AnalyzeDomain (246ms)
			TypeCache.Refresh (10ms)
				TypeCache.ScanAssembly (0ms)
			BuildScriptInfoCaches (223ms)
			ResolveRequiredComponents (6ms)
	FinalizeReload (1561ms)
		ReleaseScriptCaches (0ms)
		RebuildScriptCaches (0ms)
		SetupLoadedEditorAssemblies (1320ms)
			LogAssemblyErrors (0ms)
			InitializePlatformSupportModulesInManaged (3ms)
			SetLoadedEditorAssemblies (6ms)
			BeforeProcessingInitializeOnLoad (194ms)
			ProcessInitializeOnLoadAttributes (980ms)
			ProcessInitializeOnLoadMethodAttributes (130ms)
			AfterProcessingInitializeOnLoad (7ms)
			EditorAssembliesLoaded (0ms)
		ExecutionOrderSort2 (0ms)
		AwakeInstancesAfterBackupRestoration (9ms)
Refreshing native plugins compatible for Editor in 4.36 ms, found 3 plugins.
Preloading 0 native plugins for Editor in 0.00 ms.
Unloading 0 Unused Serialized files (Serialized files now loaded: 0)
Unloading 3533 unused Assets / (0.8 MB). Loaded Objects now: 4209.
Memory consumption went from 110.8 MB to 110.0 MB.
Total: 16.884000 ms (FindLiveObjects: 0.687700 ms CreateObjectMapping: 0.445400 ms MarkObjects: 13.759200 ms  DeleteObjects: 1.988200 ms)

Prepare: number of updated asset objects reloaded= 0
========================================================================
Received Prepare
Begin MonoManager ReloadAssembly
[Licensing::Client] Successfully resolved entitlement details
- Loaded All Assemblies, in  0.992 seconds
Refreshing native plugins compatible for Editor in 1.70 ms, found 3 plugins.
Native extension for WindowsStandalone target not found
[Package Manager] Failed to launch server process. Reason: Unity was launched with the -noUpm command-line argument
[Package Manager] Unable to send message (not connected to server process).
[Package Manager] Cannot connect to Unity Package Manager local server
[Package Manager] Failed to launch server process. Reason: Unity was launched with the -noUpm command-line argument
[Package Manager] Unable to send message (not connected to server process).
[Package Manager] Cannot connect to Unity Package Manager local server
ScheduleIndexationOnStartup MainProcess:False IndexOnStartup:True
Mono: successfully reloaded assembly
- Finished resetting the current domain, in  1.191 seconds
Domain Reload Profiling: 2186ms
	BeginReloadAssembly (297ms)
		ExecutionOrderSort (0ms)
		DisableScriptedObjects (9ms)
		BackupInstance (0ms)
		ReleaseScriptingObjects (0ms)
		CreateAndSetChildDomain (56ms)
	RebuildCommonClasses (54ms)
	RebuildNativeTypeToScriptingClass (19ms)
	initialDomainReloadingComplete (41ms)
	LoadAllAssembliesAndSetupDomain (580ms)
		LoadAssemblies (495ms)
		RebuildTransferFunctionScriptingTraits (0ms)
		AnalyzeDomain (256ms)
			TypeCache.Refresh (9ms)
				TypeCache.ScanAssembly (0ms)
			BuildScriptInfoCaches (227ms)
			ResolveRequiredComponents (10ms)
	FinalizeReload (1195ms)
		ReleaseScriptCaches (0ms)
		RebuildScriptCaches (0ms)
		SetupLoadedEditorAssemblies (952ms)
			LogAssemblyErrors (0ms)
			InitializePlatformSupportModulesInManaged (3ms)
			SetLoadedEditorAssemblies (5ms)
			BeforeProcessingInitializeOnLoad (202ms)
			ProcessInitializeOnLoadAttributes (661ms)
			ProcessInitializeOnLoadMethodAttributes (72ms)
			AfterProcessingInitializeOnLoad (9ms)
			EditorAssembliesLoaded (0ms)
		ExecutionOrderSort2 (0ms)
		AwakeInstancesAfterBackupRestoration (13ms)
Refreshing native plugins compatible for Editor in 3.48 ms, found 3 plugins.
Preloading 0 native plugins for Editor in 0.00 ms.
Unloading 0 Unused Serialized files (Serialized files now loaded: 0)
Unloading 3533 unused Assets / (0.8 MB). Loaded Objects now: 4210.
Memory consumption went from 110.8 MB to 110.0 MB.
Total: 15.638300 ms (FindLiveObjects: 2.136700 ms CreateObjectMapping: 0.440500 ms MarkObjects: 10.682500 ms  DeleteObjects: 2.373900 ms)

Prepare: number of updated asset objects reloaded= 0
========================================================================
Received Prepare
Begin MonoManager ReloadAssembly
[Licensing::Client] Successfully resolved entitlement details
- Loaded All Assemblies, in  1.067 seconds
Refreshing native plugins compatible for Editor in 1.46 ms, found 3 plugins.
Native extension for WindowsStandalone target not found
[Package Manager] Failed to launch server process. Reason: Unity was launched with the -noUpm command-line argument
[Package Manager] Unable to send message (not connected to server process).
[Package Manager] Cannot connect to Unity Package Manager local server
[Package Manager] Failed to launch server process. Reason: Unity was launched with the -noUpm command-line argument
[Package Manager] Unable to send message (not connected to server process).
[Package Manager] Cannot connect to Unity Package Manager local server
ScheduleIndexationOnStartup MainProcess:False IndexOnStartup:True
Mono: successfully reloaded assembly
- Finished resetting the current domain, in  1.422 seconds
Domain Reload Profiling: 2489ms
	BeginReloadAssembly (318ms)
		ExecutionOrderSort (0ms)
		DisableScriptedObjects (8ms)
		BackupInstance (0ms)
		ReleaseScriptingObjects (0ms)
		CreateAndSetChildDomain (57ms)
	RebuildCommonClasses (71ms)
	RebuildNativeTypeToScriptingClass (28ms)
	initialDomainReloadingComplete (43ms)
	LoadAllAssembliesAndSetupDomain (605ms)
		LoadAssemblies (521ms)
		RebuildTransferFunctionScriptingTraits (0ms)
		AnalyzeDomain (254ms)
			TypeCache.Refresh (8ms)
				TypeCache.ScanAssembly (0ms)
			BuildScriptInfoCaches (236ms)
			ResolveRequiredComponents (6ms)
	FinalizeReload (1423ms)
		ReleaseScriptCaches (0ms)
		RebuildScriptCaches (0ms)
		SetupLoadedEditorAssemblies (1167ms)
			LogAssemblyErrors (0ms)
			InitializePlatformSupportModulesInManaged (3ms)
			SetLoadedEditorAssemblies (4ms)
			BeforeProcessingInitializeOnLoad (221ms)
			ProcessInitializeOnLoadAttributes (818ms)
			ProcessInitializeOnLoadMethodAttributes (109ms)
			AfterProcessingInitializeOnLoad (11ms)
			EditorAssembliesLoaded (0ms)
		ExecutionOrderSort2 (0ms)
		AwakeInstancesAfterBackupRestoration (25ms)
Refreshing native plugins compatible for Editor in 2.56 ms, found 3 plugins.
Preloading 0 native plugins for Editor in 0.00 ms.
Unloading 0 Unused Serialized files (Serialized files now loaded: 0)
Unloading 3533 unused Assets / (0.8 MB). Loaded Objects now: 4211.
Memory consumption went from 110.8 MB to 110.0 MB.
Total: 14.373400 ms (FindLiveObjects: 0.573600 ms CreateObjectMapping: 0.442100 ms MarkObjects: 11.396900 ms  DeleteObjects: 1.958400 ms)

Prepare: number of updated asset objects reloaded= 0
========================================================================
Received Prepare
Begin MonoManager ReloadAssembly
- Loaded All Assemblies, in  1.076 seconds
Refreshing native plugins compatible for Editor in 0.97 ms, found 3 plugins.
Native extension for WindowsStandalone target not found
[Package Manager] Failed to launch server process. Reason: Unity was launched with the -noUpm command-line argument
[Package Manager] Unable to send message (not connected to server process).
[Package Manager] Cannot connect to Unity Package Manager local server
[Package Manager] Failed to launch server process. Reason: Unity was launched with the -noUpm command-line argument
[Package Manager] Unable to send message (not connected to server process).
[Package Manager] Cannot connect to Unity Package Manager local server
ScheduleIndexationOnStartup MainProcess:False IndexOnStartup:True
Mono: successfully reloaded assembly
- Finished resetting the current domain, in  1.609 seconds
Domain Reload Profiling: 2686ms
	BeginReloadAssembly (300ms)
		ExecutionOrderSort (0ms)
		DisableScriptedObjects (8ms)
		BackupInstance (0ms)
		ReleaseScriptingObjects (0ms)
		CreateAndSetChildDomain (63ms)
	RebuildCommonClasses (62ms)
	RebuildNativeTypeToScriptingClass (28ms)
	initialDomainReloadingComplete (44ms)
	LoadAllAssembliesAndSetupDomain (642ms)
		LoadAssemblies (515ms)
		RebuildTransferFunctionScriptingTraits (0ms)
		AnalyzeDomain (288ms)
			TypeCache.Refresh (11ms)
				TypeCache.ScanAssembly (0ms)
			BuildScriptInfoCaches (262ms)
			ResolveRequiredComponents (9ms)
	FinalizeReload (1610ms)
		ReleaseScriptCaches (0ms)
		RebuildScriptCaches (0ms)
		SetupLoadedEditorAssemblies (1358ms)
			LogAssemblyErrors (0ms)
			InitializePlatformSupportModulesInManaged (3ms)
			SetLoadedEditorAssemblies (5ms)
			BeforeProcessingInitializeOnLoad (244ms)
			ProcessInitializeOnLoadAttributes (941ms)
			ProcessInitializeOnLoadMethodAttributes (146ms)
			AfterProcessingInitializeOnLoad (20ms)
			EditorAssembliesLoaded (0ms)
		ExecutionOrderSort2 (0ms)
		AwakeInstancesAfterBackupRestoration (16ms)
Refreshing native plugins compatible for Editor in 1.89 ms, found 3 plugins.
Preloading 0 native plugins for Editor in 0.00 ms.
Unloading 0 Unused Serialized files (Serialized files now loaded: 0)
Unloading 3533 unused Assets / (1.0 MB). Loaded Objects now: 4212.
Memory consumption went from 110.8 MB to 109.8 MB.
Total: 19.047000 ms (FindLiveObjects: 0.839900 ms CreateObjectMapping: 0.684600 ms MarkObjects: 13.553300 ms  DeleteObjects: 3.966800 ms)

Prepare: number of updated asset objects reloaded= 0
========================================================================
Received Prepare
Begin MonoManager ReloadAssembly
[Licensing::Client] Successfully resolved entitlement details
- Loaded All Assemblies, in  1.147 seconds
Refreshing native plugins compatible for Editor in 1.48 ms, found 3 plugins.
Native extension for WindowsStandalone target not found
[Package Manager] Failed to launch server process. Reason: Unity was launched with the -noUpm command-line argument
[Package Manager] Unable to send message (not connected to server process).
[Package Manager] Cannot connect to Unity Package Manager local server
[Package Manager] Failed to launch server process. Reason: Unity was launched with the -noUpm command-line argument
[Package Manager] Unable to send message (not connected to server process).
[Package Manager] Cannot connect to Unity Package Manager local server
ScheduleIndexationOnStartup MainProcess:False IndexOnStartup:True
Mono: successfully reloaded assembly
- Finished resetting the current domain, in  2.018 seconds
Domain Reload Profiling: 3164ms
	BeginReloadAssembly (337ms)
		ExecutionOrderSort (0ms)
		DisableScriptedObjects (12ms)
		BackupInstance (0ms)
		ReleaseScriptingObjects (0ms)
		CreateAndSetChildDomain (62ms)
	RebuildCommonClasses (73ms)
	RebuildNativeTypeToScriptingClass (25ms)
	initialDomainReloadingComplete (47ms)
	LoadAllAssembliesAndSetupDomain (661ms)
		LoadAssemblies (527ms)
		RebuildTransferFunctionScriptingTraits (0ms)
		AnalyzeDomain (313ms)
			TypeCache.Refresh (10ms)
				TypeCache.ScanAssembly (0ms)
			BuildScriptInfoCaches (287ms)
			ResolveRequiredComponents (9ms)
	FinalizeReload (2020ms)
		ReleaseScriptCaches (0ms)
		RebuildScriptCaches (0ms)
		SetupLoadedEditorAssemblies (1745ms)
			LogAssemblyErrors (0ms)
			InitializePlatformSupportModulesInManaged (2ms)
			SetLoadedEditorAssemblies (4ms)
			BeforeProcessingInitializeOnLoad (270ms)
			ProcessInitializeOnLoadAttributes (1314ms)
			ProcessInitializeOnLoadMethodAttributes (142ms)
			AfterProcessingInitializeOnLoad (12ms)
			EditorAssembliesLoaded (0ms)
		ExecutionOrderSort2 (0ms)
		AwakeInstancesAfterBackupRestoration (23ms)
Refreshing native plugins compatible for Editor in 5.87 ms, found 3 plugins.
Preloading 0 native plugins for Editor in 0.00 ms.
Unloading 0 Unused Serialized files (Serialized files now loaded: 0)
Unloading 3533 unused Assets / (0.7 MB). Loaded Objects now: 4213.
Memory consumption went from 110.8 MB to 110.2 MB.
Total: 22.429000 ms (FindLiveObjects: 0.796300 ms CreateObjectMapping: 0.295100 ms MarkObjects: 19.460700 ms  DeleteObjects: 1.872000 ms)

Prepare: number of updated asset objects reloaded= 0
========================================================================
Received Prepare
Begin MonoManager ReloadAssembly
[Licensing::Client] Successfully resolved entitlement details
- Loaded All Assemblies, in  1.273 seconds
Refreshing native plugins compatible for Editor in 1.65 ms, found 3 plugins.
Native extension for WindowsStandalone target not found
[Package Manager] Failed to launch server process. Reason: Unity was launched with the -noUpm command-line argument
[Package Manager] Unable to send message (not connected to server process).
[Package Manager] Cannot connect to Unity Package Manager local server
[Package Manager] Failed to launch server process. Reason: Unity was launched with the -noUpm command-line argument
[Package Manager] Unable to send message (not connected to server process).
[Package Manager] Cannot connect to Unity Package Manager local server
ScheduleIndexationOnStartup MainProcess:False IndexOnStartup:True
Mono: successfully reloaded assembly
- Finished resetting the current domain, in  4.118 seconds
Domain Reload Profiling: 5393ms
	BeginReloadAssembly (361ms)
		ExecutionOrderSort (0ms)
		DisableScriptedObjects (12ms)
		BackupInstance (0ms)
		ReleaseScriptingObjects (0ms)
		CreateAndSetChildDomain (81ms)
	RebuildCommonClasses (53ms)
	RebuildNativeTypeToScriptingClass (22ms)
	initialDomainReloadingComplete (39ms)
	LoadAllAssembliesAndSetupDomain (797ms)
		LoadAssemblies (689ms)
		RebuildTransferFunctionScriptingTraits (0ms)
		AnalyzeDomain (287ms)
			TypeCache.Refresh (19ms)
				TypeCache.ScanAssembly (0ms)
			BuildScriptInfoCaches (255ms)
			ResolveRequiredComponents (7ms)
	FinalizeReload (4120ms)
		ReleaseScriptCaches (0ms)
		RebuildScriptCaches (0ms)
		SetupLoadedEditorAssemblies (3395ms)
			LogAssemblyErrors (0ms)
			InitializePlatformSupportModulesInManaged (11ms)
			SetLoadedEditorAssemblies (15ms)
			BeforeProcessingInitializeOnLoad (841ms)
			ProcessInitializeOnLoadAttributes (2309ms)
			ProcessInitializeOnLoadMethodAttributes (182ms)
			AfterProcessingInitializeOnLoad (37ms)
			EditorAssembliesLoaded (1ms)
		ExecutionOrderSort2 (0ms)
		AwakeInstancesAfterBackupRestoration (36ms)
Refreshing native plugins compatible for Editor in 4.89 ms, found 3 plugins.
Preloading 0 native plugins for Editor in 0.00 ms.
Unloading 0 Unused Serialized files (Serialized files now loaded: 0)
Unloading 3533 unused Assets / (1.4 MB). Loaded Objects now: 4214.
Memory consumption went from 110.9 MB to 109.5 MB.
Total: 19.280500 ms (FindLiveObjects: 1.208100 ms CreateObjectMapping: 1.065900 ms MarkObjects: 13.632300 ms  DeleteObjects: 3.370400 ms)

Prepare: number of updated asset objects reloaded= 0
========================================================================
Received Prepare
Begin MonoManager ReloadAssembly
- Loaded All Assemblies, in  1.195 seconds
Refreshing native plugins compatible for Editor in 0.73 ms, found 3 plugins.
Native extension for WindowsStandalone target not found
[Package Manager] Failed to launch server process. Reason: Unity was launched with the -noUpm command-line argument
[Package Manager] Unable to send message (not connected to server process).
[Package Manager] Cannot connect to Unity Package Manager local server
[Package Manager] Failed to launch server process. Reason: Unity was launched with the -noUpm command-line argument
[Package Manager] Unable to send message (not connected to server process).
[Package Manager] Cannot connect to Unity Package Manager local server
ScheduleIndexationOnStartup MainProcess:False IndexOnStartup:True
Mono: successfully reloaded assembly
- Finished resetting the current domain, in  1.264 seconds
Domain Reload Profiling: 2457ms
	BeginReloadAssembly (387ms)
		ExecutionOrderSort (0ms)
		DisableScriptedObjects (11ms)
		BackupInstance (0ms)
		ReleaseScriptingObjects (0ms)
		CreateAndSetChildDomain (96ms)
	RebuildCommonClasses (55ms)
	RebuildNativeTypeToScriptingClass (18ms)
	initialDomainReloadingComplete (56ms)
	LoadAllAssembliesAndSetupDomain (677ms)
		LoadAssemblies (544ms)
		RebuildTransferFunctionScriptingTraits (0ms)
		AnalyzeDomain (293ms)
			TypeCache.Refresh (12ms)
				TypeCache.ScanAssembly (0ms)
			BuildScriptInfoCaches (269ms)
			ResolveRequiredComponents (7ms)
	FinalizeReload (1265ms)
		ReleaseScriptCaches (0ms)
		RebuildScriptCaches (0ms)
		SetupLoadedEditorAssemblies (1045ms)
			LogAssemblyErrors (0ms)
			InitializePlatformSupportModulesInManaged (3ms)
			SetLoadedEditorAssemblies (5ms)
			BeforeProcessingInitializeOnLoad (215ms)
			ProcessInitializeOnLoadAttributes (745ms)
			ProcessInitializeOnLoadMethodAttributes (68ms)
			AfterProcessingInitializeOnLoad (8ms)
			EditorAssembliesLoaded (0ms)
		ExecutionOrderSort2 (0ms)
		AwakeInstancesAfterBackupRestoration (9ms)
Refreshing native plugins compatible for Editor in 0.91 ms, found 3 plugins.
Preloading 0 native plugins for Editor in 0.00 ms.
Unloading 0 Unused Serialized files (Serialized files now loaded: 0)
Unloading 3533 unused Assets / (0.7 MB). Loaded Objects now: 4215.
Memory consumption went from 110.9 MB to 110.2 MB.
Total: 9.813800 ms (FindLiveObjects: 0.486100 ms CreateObjectMapping: 0.178800 ms MarkObjects: 7.949000 ms  DeleteObjects: 1.197900 ms)

Prepare: number of updated asset objects reloaded= 0
========================================================================
Received Prepare
Begin MonoManager ReloadAssembly
- Loaded All Assemblies, in  1.019 seconds
Refreshing native plugins compatible for Editor in 1.36 ms, found 3 plugins.
Native extension for WindowsStandalone target not found
[Package Manager] Failed to launch server process. Reason: Unity was launched with the -noUpm command-line argument
[Package Manager] Unable to send message (not connected to server process).
[Package Manager] Cannot connect to Unity Package Manager local server
[Package Manager] Failed to launch server process. Reason: Unity was launched with the -noUpm command-line argument
[Package Manager] Unable to send message (not connected to server process).
[Package Manager] Cannot connect to Unity Package Manager local server
ScheduleIndexationOnStartup MainProcess:False IndexOnStartup:True
Mono: successfully reloaded assembly
- Finished resetting the current domain, in  1.244 seconds
Domain Reload Profiling: 2258ms
	BeginReloadAssembly (317ms)
		ExecutionOrderSort (0ms)
		DisableScriptedObjects (8ms)
		BackupInstance (0ms)
		ReleaseScriptingObjects (0ms)
		CreateAndSetChildDomain (59ms)
	RebuildCommonClasses (52ms)
	RebuildNativeTypeToScriptingClass (32ms)
	initialDomainReloadingComplete (52ms)
	LoadAllAssembliesAndSetupDomain (559ms)
		LoadAssemblies (514ms)
		RebuildTransferFunctionScriptingTraits (0ms)
		AnalyzeDomain (225ms)
			TypeCache.Refresh (8ms)
				TypeCache.ScanAssembly (0ms)
			BuildScriptInfoCaches (206ms)
			ResolveRequiredComponents (6ms)
	FinalizeReload (1246ms)
		ReleaseScriptCaches (0ms)
		RebuildScriptCaches (0ms)
		SetupLoadedEditorAssemblies (1028ms)
			LogAssemblyErrors (0ms)
			InitializePlatformSupportModulesInManaged (3ms)
			SetLoadedEditorAssemblies (5ms)
			BeforeProcessingInitializeOnLoad (219ms)
			ProcessInitializeOnLoadAttributes (712ms)
			ProcessInitializeOnLoadMethodAttributes (79ms)
			AfterProcessingInitializeOnLoad (10ms)
			EditorAssembliesLoaded (0ms)
		ExecutionOrderSort2 (0ms)
		AwakeInstancesAfterBackupRestoration (10ms)
Refreshing native plugins compatible for Editor in 0.97 ms, found 3 plugins.
Preloading 0 native plugins for Editor in 0.00 ms.
Unloading 0 Unused Serialized files (Serialized files now loaded: 0)
Unloading 3533 unused Assets / (0.8 MB). Loaded Objects now: 4216.
Memory consumption went from 110.9 MB to 110.1 MB.
Total: 12.399200 ms (FindLiveObjects: 0.497800 ms CreateObjectMapping: 0.185500 ms MarkObjects: 10.117600 ms  DeleteObjects: 1.595800 ms)

Prepare: number of updated asset objects reloaded= 0
========================================================================
Received Prepare
Begin MonoManager ReloadAssembly
[Licensing::Client] Successfully resolved entitlement details
- Loaded All Assemblies, in  0.965 seconds
Refreshing native plugins compatible for Editor in 0.97 ms, found 3 plugins.
Native extension for WindowsStandalone target not found
[Package Manager] Failed to launch server process. Reason: Unity was launched with the -noUpm command-line argument
[Package Manager] Unable to send message (not connected to server process).
[Package Manager] Cannot connect to Unity Package Manager local server
[Package Manager] Failed to launch server process. Reason: Unity was launched with the -noUpm command-line argument
[Package Manager] Unable to send message (not connected to server process).
[Package Manager] Cannot connect to Unity Package Manager local server
ScheduleIndexationOnStartup MainProcess:False IndexOnStartup:True
Mono: successfully reloaded assembly
- Finished resetting the current domain, in  1.485 seconds
Domain Reload Profiling: 2451ms
	BeginReloadAssembly (299ms)
		ExecutionOrderSort (0ms)
		DisableScriptedObjects (10ms)
		BackupInstance (0ms)
		ReleaseScriptingObjects (0ms)
		CreateAndSetChildDomain (56ms)
	RebuildCommonClasses (65ms)
	RebuildNativeTypeToScriptingClass (32ms)
	initialDomainReloadingComplete (37ms)
	LoadAllAssembliesAndSetupDomain (531ms)
		LoadAssemblies (480ms)
		RebuildTransferFunctionScriptingTraits (0ms)
		AnalyzeDomain (214ms)
			TypeCache.Refresh (8ms)
				TypeCache.ScanAssembly (0ms)
			BuildScriptInfoCaches (194ms)
			ResolveRequiredComponents (6ms)
	FinalizeReload (1487ms)
		ReleaseScriptCaches (0ms)
		RebuildScriptCaches (0ms)
		SetupLoadedEditorAssemblies (1242ms)
			LogAssemblyErrors (0ms)
			InitializePlatformSupportModulesInManaged (3ms)
			SetLoadedEditorAssemblies (6ms)
			BeforeProcessingInitializeOnLoad (191ms)
			ProcessInitializeOnLoadAttributes (947ms)
			ProcessInitializeOnLoadMethodAttributes (84ms)
			AfterProcessingInitializeOnLoad (10ms)
			EditorAssembliesLoaded (0ms)
		ExecutionOrderSort2 (0ms)
		AwakeInstancesAfterBackupRestoration (10ms)
Refreshing native plugins compatible for Editor in 3.98 ms, found 3 plugins.
Preloading 0 native plugins for Editor in 0.00 ms.
Unloading 0 Unused Serialized files (Serialized files now loaded: 0)
Unloading 3533 unused Assets / (0.9 MB). Loaded Objects now: 4217.
Memory consumption went from 110.9 MB to 109.9 MB.
Total: 12.732200 ms (FindLiveObjects: 0.669800 ms CreateObjectMapping: 0.219200 ms MarkObjects: 9.908300 ms  DeleteObjects: 1.932500 ms)

Prepare: number of updated asset objects reloaded= 0
========================================================================
Received Prepare
Begin MonoManager ReloadAssembly
- Loaded All Assemblies, in  1.048 seconds
Refreshing native plugins compatible for Editor in 1.01 ms, found 3 plugins.
Native extension for WindowsStandalone target not found
[Package Manager] Failed to launch server process. Reason: Unity was launched with the -noUpm command-line argument
[Package Manager] Unable to send message (not connected to server process).
[Package Manager] Cannot connect to Unity Package Manager local server
[Package Manager] Failed to launch server process. Reason: Unity was launched with the -noUpm command-line argument
[Package Manager] Unable to send message (not connected to server process).
[Package Manager] Cannot connect to Unity Package Manager local server
ScheduleIndexationOnStartup MainProcess:False IndexOnStartup:True
Mono: successfully reloaded assembly
- Finished resetting the current domain, in  1.400 seconds
Domain Reload Profiling: 2445ms
	BeginReloadAssembly (300ms)
		ExecutionOrderSort (0ms)
		DisableScriptedObjects (8ms)
		BackupInstance (0ms)
		ReleaseScriptingObjects (0ms)
		CreateAndSetChildDomain (61ms)
	RebuildCommonClasses (55ms)
	RebuildNativeTypeToScriptingClass (18ms)
	initialDomainReloadingComplete (45ms)
	LoadAllAssembliesAndSetupDomain (625ms)
		LoadAssemblies (536ms)
		RebuildTransferFunctionScriptingTraits (0ms)
		AnalyzeDomain (247ms)
			TypeCache.Refresh (11ms)
				TypeCache.ScanAssembly (0ms)
			BuildScriptInfoCaches (223ms)
			ResolveRequiredComponents (7ms)
	FinalizeReload (1401ms)
		ReleaseScriptCaches (0ms)
		RebuildScriptCaches (0ms)
		SetupLoadedEditorAssemblies (1155ms)
			LogAssemblyErrors (0ms)
			InitializePlatformSupportModulesInManaged (3ms)
			SetLoadedEditorAssemblies (4ms)
			BeforeProcessingInitializeOnLoad (234ms)
			ProcessInitializeOnLoadAttributes (781ms)
			ProcessInitializeOnLoadMethodAttributes (113ms)
			AfterProcessingInitializeOnLoad (19ms)
			EditorAssembliesLoaded (1ms)
		ExecutionOrderSort2 (0ms)
		AwakeInstancesAfterBackupRestoration (19ms)
Refreshing native plugins compatible for Editor in 1.56 ms, found 3 plugins.
Preloading 0 native plugins for Editor in 0.00 ms.
Unloading 0 Unused Serialized files (Serialized files now loaded: 0)
Unloading 3533 unused Assets / (1.0 MB). Loaded Objects now: 4218.
Memory consumption went from 110.9 MB to 109.9 MB.
Total: 18.225300 ms (FindLiveObjects: 0.688500 ms CreateObjectMapping: 1.225600 ms MarkObjects: 12.007700 ms  DeleteObjects: 4.300900 ms)

Prepare: number of updated asset objects reloaded= 0
========================================================================
Received Prepare
Begin MonoManager ReloadAssembly
- Loaded All Assemblies, in  1.169 seconds
Refreshing native plugins compatible for Editor in 0.90 ms, found 3 plugins.
Native extension for WindowsStandalone target not found
[Package Manager] Failed to launch server process. Reason: Unity was launched with the -noUpm command-line argument
[Package Manager] Unable to send message (not connected to server process).
[Package Manager] Cannot connect to Unity Package Manager local server
[Package Manager] Failed to launch server process. Reason: Unity was launched with the -noUpm command-line argument
[Package Manager] Unable to send message (not connected to server process).
[Package Manager] Cannot connect to Unity Package Manager local server
ScheduleIndexationOnStartup MainProcess:False IndexOnStartup:True
Mono: successfully reloaded assembly
- Finished resetting the current domain, in  1.091 seconds
Domain Reload Profiling: 2260ms
	BeginReloadAssembly (346ms)
		ExecutionOrderSort (0ms)
		DisableScriptedObjects (8ms)
		BackupInstance (0ms)
		ReleaseScriptingObjects (0ms)
		CreateAndSetChildDomain (74ms)
	RebuildCommonClasses (62ms)
	RebuildNativeTypeToScriptingClass (27ms)
	initialDomainReloadingComplete (45ms)
	LoadAllAssembliesAndSetupDomain (689ms)
		LoadAssemblies (582ms)
		RebuildTransferFunctionScriptingTraits (0ms)
		AnalyzeDomain (293ms)
			TypeCache.Refresh (14ms)
				TypeCache.ScanAssembly (0ms)
			BuildScriptInfoCaches (260ms)
			ResolveRequiredComponents (11ms)
	FinalizeReload (1091ms)
		ReleaseScriptCaches (0ms)
		RebuildScriptCaches (0ms)
		SetupLoadedEditorAssemblies (898ms)
			LogAssemblyErrors (0ms)
			InitializePlatformSupportModulesInManaged (3ms)
			SetLoadedEditorAssemblies (4ms)
			BeforeProcessingInitializeOnLoad (215ms)
			ProcessInitializeOnLoadAttributes (605ms)
			ProcessInitializeOnLoadMethodAttributes (63ms)
			AfterProcessingInitializeOnLoad (8ms)
			EditorAssembliesLoaded (0ms)
		ExecutionOrderSort2 (0ms)
		AwakeInstancesAfterBackupRestoration (11ms)
Refreshing native plugins compatible for Editor in 0.94 ms, found 3 plugins.
Preloading 0 native plugins for Editor in 0.00 ms.
Unloading 0 Unused Serialized files (Serialized files now loaded: 0)
Unloading 3533 unused Assets / (1.0 MB). Loaded Objects now: 4219.
Memory consumption went from 110.9 MB to 109.8 MB.
Total: 9.044000 ms (FindLiveObjects: 0.395300 ms CreateObjectMapping: 0.208600 ms MarkObjects: 7.057600 ms  DeleteObjects: 1.380800 ms)

Prepare: number of updated asset objects reloaded= 0
========================================================================
Received Prepare
Begin MonoManager ReloadAssembly
- Loaded All Assemblies, in  1.057 seconds
Refreshing native plugins compatible for Editor in 0.87 ms, found 3 plugins.
Native extension for WindowsStandalone target not found
[Package Manager] Failed to launch server process. Reason: Unity was launched with the -noUpm command-line argument
[Package Manager] Unable to send message (not connected to server process).
[Package Manager] Cannot connect to Unity Package Manager local server
[Package Manager] Failed to launch server process. Reason: Unity was launched with the -noUpm command-line argument
[Package Manager] Unable to send message (not connected to server process).
[Package Manager] Cannot connect to Unity Package Manager local server
ScheduleIndexationOnStartup MainProcess:False IndexOnStartup:True
Mono: successfully reloaded assembly
- Finished resetting the current domain, in  1.298 seconds
Domain Reload Profiling: 2352ms
	BeginReloadAssembly (297ms)
		ExecutionOrderSort (0ms)
		DisableScriptedObjects (12ms)
		BackupInstance (0ms)
		ReleaseScriptingObjects (0ms)
		CreateAndSetChildDomain (56ms)
	RebuildCommonClasses (68ms)
	RebuildNativeTypeToScriptingClass (26ms)
	initialDomainReloadingComplete (45ms)
	LoadAllAssembliesAndSetupDomain (617ms)
		LoadAssemblies (518ms)
		RebuildTransferFunctionScriptingTraits (0ms)
		AnalyzeDomain (250ms)
			TypeCache.Refresh (8ms)
				TypeCache.ScanAssembly (0ms)
			BuildScriptInfoCaches (226ms)
			ResolveRequiredComponents (9ms)
	FinalizeReload (1299ms)
		ReleaseScriptCaches (0ms)
		RebuildScriptCaches (0ms)
		SetupLoadedEditorAssemblies (1048ms)
			LogAssemblyErrors (0ms)
			InitializePlatformSupportModulesInManaged (2ms)
			SetLoadedEditorAssemblies (4ms)
			BeforeProcessingInitializeOnLoad (203ms)
			ProcessInitializeOnLoadAttributes (683ms)
			ProcessInitializeOnLoadMethodAttributes (127ms)
			AfterProcessingInitializeOnLoad (28ms)
			EditorAssembliesLoaded (1ms)
		ExecutionOrderSort2 (0ms)
		AwakeInstancesAfterBackupRestoration (26ms)
Refreshing native plugins compatible for Editor in 1.37 ms, found 3 plugins.
Preloading 0 native plugins for Editor in 0.00 ms.
Unloading 0 Unused Serialized files (Serialized files now loaded: 0)
Unloading 3533 unused Assets / (1.1 MB). Loaded Objects now: 4220.
Memory consumption went from 110.9 MB to 109.8 MB.
Total: 17.722800 ms (FindLiveObjects: 1.000300 ms CreateObjectMapping: 1.023600 ms MarkObjects: 11.512500 ms  DeleteObjects: 4.182600 ms)

Prepare: number of updated asset objects reloaded= 0
========================================================================
Received Import Request.
  Time since last request: 1973.592384 seconds.
  path: Assets/PlayerController.cs
  artifactKey: Guid(c11443b0c26751744929e67d70d51ce2) Importer(2089858483,b0f066a214c2f5e87bad3c948f4d605d)
Start importing Assets/PlayerController.cs using Guid(c11443b0c26751744929e67d70d51ce2) Importer(2089858483,b0f066a214c2f5e87bad3c948f4d605d) (ScriptedImporter) -> (artifact id: '77e97d8ca656c916055137e6937d4850') in 0.1682842 seconds
Number of updated asset objects reloaded before import = 0Number of asset objects unloaded after import = 0

========================================================================
Received Import Request.
  Time since last request: 24.127778 seconds.
  path: Assets/Animals/Owl.fbx
  artifactKey: Guid(488326f03345499418565fcf81ec200e) Importer(2089858483,b0f066a214c2f5e87bad3c948f4d605d)
Start importing Assets/Animals/Owl.fbx using Guid(488326f03345499418565fcf81ec200e) Importer(2089858483,b0f066a214c2f5e87bad3c948f4d605d) (ScriptedImporter) -> (artifact id: 'df8d807430314cdc611e68b01ed38d3b') in 0.085672 seconds
Number of updated asset objects reloaded before import = 0Number of asset objects unloaded after import = 387

========================================================================
Received Import Request.
  Time since last request: 0.000068 seconds.
  path: Assets/Animals/SnowshoeHare.fbx
  artifactKey: Guid(0c678ff4d1c815f4ebe7f2256a37257d) Importer(2089858483,b0f066a214c2f5e87bad3c948f4d605d)
Start importing Assets/Animals/SnowshoeHare.fbx using Guid(0c678ff4d1c815f4ebe7f2256a37257d) Importer(2089858483,b0f066a214c2f5e87bad3c948f4d605d) (ScriptedImporter) -> (artifact id: '9ec1f92865252da5a7e61175e2f2b663') in 0.1003988 seconds
Number of updated asset objects reloaded before import = 0Number of asset objects unloaded after import = 771

========================================================================
Received Import Request.
  Time since last request: 0.000046 seconds.
  path: Assets/Animals/VultureController.controller
  artifactKey: Guid(f435c407b388b6d47af4d6b1d2fc117b) Importer(2089858483,b0f066a214c2f5e87bad3c948f4d605d)
Start importing Assets/Animals/VultureController.controller using Guid(f435c407b388b6d47af4d6b1d2fc117b) Importer(2089858483,b0f066a214c2f5e87bad3c948f4d605d) (ScriptedImporter) -> (artifact id: '38d67a94481436afc1d02982cb3bd026') in 0.050634 seconds
Number of updated asset objects reloaded before import = 0Number of asset objects unloaded after import = 4

========================================================================
Received Import Request.
  Time since last request: 0.000038 seconds.
  path: Assets/Animals/FoxAnimator.controller
  artifactKey: Guid(eb8a5889d44582d4693668d3b581f13d) Importer(2089858483,b0f066a214c2f5e87bad3c948f4d605d)
Start importing Assets/Animals/FoxAnimator.controller using Guid(eb8a5889d44582d4693668d3b581f13d) Importer(2089858483,b0f066a214c2f5e87bad3c948f4d605d) (ScriptedImporter) -> (artifact id: 'ce92744ea6c31ea813323197b763f478') in 0.0290819 seconds
Number of updated asset objects reloaded before import = 0Number of asset objects unloaded after import = 4

========================================================================
Received Import Request.
  Time since last request: 0.000083 seconds.
  path: Assets/Animals/OwlController.controller
  artifactKey: Guid(efc52575cdc7ed54eb0b7061101db76f) Importer(2089858483,b0f066a214c2f5e87bad3c948f4d605d)
Start importing Assets/Animals/OwlController.controller using Guid(efc52575cdc7ed54eb0b7061101db76f) Importer(2089858483,b0f066a214c2f5e87bad3c948f4d605d) (ScriptedImporter) -> (artifact id: '1097292b9bbc64fb6ebf1cf781ebbf4b') in 0.0317432 seconds
Number of updated asset objects reloaded before import = 0Number of asset objects unloaded after import = 4

========================================================================
Received Import Request.
  Time since last request: 28.982284 seconds.
  path: Assets/Objects/Idle.fbx
  artifactKey: Guid(51a1cc22567050d4296cf98063426dbd) Importer(2089858483,b0f066a214c2f5e87bad3c948f4d605d)
Start importing Assets/Objects/Idle.fbx using Guid(51a1cc22567050d4296cf98063426dbd) Importer(2089858483,b0f066a214c2f5e87bad3c948f4d605d) (ScriptedImporter) -> (artifact id: 'b5bb9005ac93fc0f3a85a21a298a4480') in 0.0586418 seconds
Number of updated asset objects reloaded before import = 0Number of asset objects unloaded after import = 161

========================================================================
Received Import Request.
  Time since last request: 0.000049 seconds.
  path: Assets/Objects/Spade1-GM.fbx
  artifactKey: Guid(8e83605df3e337946beb412dac8b1835) Importer(2089858483,b0f066a214c2f5e87bad3c948f4d605d)
Start importing Assets/Objects/Spade1-GM.fbx using Guid(8e83605df3e337946beb412dac8b1835) Importer(2089858483,b0f066a214c2f5e87bad3c948f4d605d) (ScriptedImporter) -> (artifact id: 'd528006c9dced6d5cfb0606946a4a15d') in 0.12777 seconds
Number of updated asset objects reloaded before import = 0Number of asset objects unloaded after import = 9

========================================================================
Received Import Request.
  Time since last request: 0.000075 seconds.
  path: Assets/Objects/Scanner.fbx
  artifactKey: Guid(6bade0e791277344095e61c59fd075ed) Importer(2089858483,b0f066a214c2f5e87bad3c948f4d605d)
Start importing Assets/Objects/Scanner.fbx using Guid(6bade0e791277344095e61c59fd075ed) Importer(2089858483,b0f066a214c2f5e87bad3c948f4d605d) (ScriptedImporter) -> (artifact id: 'f81f6b50ccb8c54e208f8baba5eb88a3') in 0.056062 seconds
Number of updated asset objects reloaded before import = 0Number of asset objects unloaded after import = 59

========================================================================
Received Import Request.
  Time since last request: 0.000031 seconds.
  path: Assets/Objects/StangersTent1-GM.fbx
  artifactKey: Guid(6d5f01f6483286b4a8097a60bd4eb9d5) Importer(2089858483,b0f066a214c2f5e87bad3c948f4d605d)
Start importing Assets/Objects/StangersTent1-GM.fbx using Guid(6d5f01f6483286b4a8097a60bd4eb9d5) Importer(2089858483,b0f066a214c2f5e87bad3c948f4d605d) (ScriptedImporter) -> (artifact id: 'bd9c1c128551f2fe138d41728a45996e') in 0.0468289 seconds
Number of updated asset objects reloaded before import = 0Number of asset objects unloaded after import = 9

========================================================================
Received Import Request.
  Time since last request: 19.079111 seconds.
  path: Assets/Map2.png
  artifactKey: Guid(6e36041c10113694cbe141c06930fbfb) Importer(815301076,1909f56bfc062723c751e8b465ee728b)
Start importing Assets/Map2.png using Guid(6e36041c10113694cbe141c06930fbfb) Importer(815301076,1909f56bfc062723c751e8b465ee728b) (PreviewImporter) -> (artifact id: '00dd79d7e9f4cbda7cb40964ab090e34') in 0.3084615 seconds
Number of updated asset objects reloaded before import = 0Number of asset objects unloaded after import = 2

========================================================================
Received Import Request.
  Time since last request: 0.733314 seconds.
  path: Assets/Map3.png
  artifactKey: Guid(3c5d81fcab1af7d43a8fc6e96f84d41c) Importer(2089858483,b0f066a214c2f5e87bad3c948f4d605d)
Start importing Assets/Map3.png using Guid(3c5d81fcab1af7d43a8fc6e96f84d41c) Importer(2089858483,b0f066a214c2f5e87bad3c948f4d605d) (ScriptedImporter) -> (artifact id: '2a53a49d65708aa7d8b4b5b842793512') in 0.1850388 seconds
Number of updated asset objects reloaded before import = 0Number of asset objects unloaded after import = 1

========================================================================
Received Import Request.
  Time since last request: 5.407255 seconds.
  path: Assets/Map Pieces/Map2.png
  artifactKey: Guid(6e36041c10113694cbe141c06930fbfb) Importer(2089858483,b0f066a214c2f5e87bad3c948f4d605d)
Start importing Assets/Map Pieces/Map2.png using Guid(6e36041c10113694cbe141c06930fbfb) Importer(2089858483,b0f066a214c2f5e87bad3c948f4d605d) (ScriptedImporter) -> (artifact id: '2ef324ab467e72273802d3050f29ed53') in 0.054988 seconds
Number of updated asset objects reloaded before import = 0Number of asset objects unloaded after import = 1

========================================================================
Received Import Request.
  Time since last request: 30.488875 seconds.
  path: Assets/Map Pieces/Map3.png
  artifactKey: Guid(3c5d81fcab1af7d43a8fc6e96f84d41c) Importer(815301076,1909f56bfc062723c751e8b465ee728b)
Start importing Assets/Map Pieces/Map3.png using Guid(3c5d81fcab1af7d43a8fc6e96f84d41c) Importer(815301076,1909f56bfc062723c751e8b465ee728b) (PreviewImporter) -> (artifact id: '9d61d7cb901ef9d741bbfbb592e7c0f7') in 0.0539914 seconds
Number of updated asset objects reloaded before import = 0Number of asset objects unloaded after import = 2

========================================================================
Received Import Request.
  Time since last request: 0.859926 seconds.
  path: Assets/Map Pieces/Map3.png
  artifactKey: Guid(3c5d81fcab1af7d43a8fc6e96f84d41c) Importer(2089858483,b0f066a214c2f5e87bad3c948f4d605d)
Start importing Assets/Map Pieces/Map3.png using Guid(3c5d81fcab1af7d43a8fc6e96f84d41c) Importer(2089858483,b0f066a214c2f5e87bad3c948f4d605d) (ScriptedImporter) -> (artifact id: '84efb7dd68534258baebcd336680f05f') in 0.0573021 seconds
Number of updated asset objects reloaded before import = 0Number of asset objects unloaded after import = 1

========================================================================
Received Import Request.
  Time since last request: 0.000053 seconds.
  path: Assets/Map Pieces/Map2.png
  artifactKey: Guid(6e36041c10113694cbe141c06930fbfb) Importer(2089858483,b0f066a214c2f5e87bad3c948f4d605d)
Start importing Assets/Map Pieces/Map2.png using Guid(6e36041c10113694cbe141c06930fbfb) Importer(2089858483,b0f066a214c2f5e87bad3c948f4d605d) (ScriptedImporter) -> (artifact id: '81012cc427f92630c12a1a3715fe45a0') in 0.0363087 seconds
Number of updated asset objects reloaded before import = 0Number of asset objects unloaded after import = 1

========================================================================
Received Import Request.
  Time since last request: 25.456103 seconds.
  path: Assets/Map Pieces/Map2.png
  artifactKey: Guid(6e36041c10113694cbe141c06930fbfb) Importer(815301076,1909f56bfc062723c751e8b465ee728b)
Start importing Assets/Map Pieces/Map2.png using Guid(6e36041c10113694cbe141c06930fbfb) Importer(815301076,1909f56bfc062723c751e8b465ee728b) (PreviewImporter) -> (artifact id: '98c85cf4493e57c4b81bfd338ed935b2') in 0.0915206 seconds
Number of updated asset objects reloaded before import = 0Number of asset objects unloaded after import = 3

========================================================================
Received Import Request.
  Time since last request: 0.855043 seconds.
  path: Assets/Map Pieces/Map3.png
  artifactKey: Guid(3c5d81fcab1af7d43a8fc6e96f84d41c) Importer(2089858483,b0f066a214c2f5e87bad3c948f4d605d)
Start importing Assets/Map Pieces/Map3.png using Guid(3c5d81fcab1af7d43a8fc6e96f84d41c) Importer(2089858483,b0f066a214c2f5e87bad3c948f4d605d) (ScriptedImporter) -> (artifact id: '1fd59b341ccbdd0eba07461365c6d7d6') in 0.063636 seconds
Number of updated asset objects reloaded before import = 0Number of asset objects unloaded after import = 3

Editor requested this worker to shutdown with reason: Scaling down because of idle timeout
AssetImportWorker is now disconnected from the server
Process exiting
Exiting without the bug reporter. Application will terminate with return code 0